hod,LOGM_CUT,LOGM1,SIGMA,ALPHA,KAPPA,ALPHA_C,ALPHA_S,S,ACENT,ASAT,BCENT,BSAT
2,12.50162182,14.00963032,0.1934174686,0.5729095444,0.6341359199,0.2574387283,0.7091738423,0.63371159,0.8097167964,-0.9854009612,-0.1054249481,-0.059166702
3,12.54632073,13.65719358,0.23514473,1.279950488,0.884294858,0.2264005449,1.021351136,0.6547109277,0.8702358154,0.7509033152,-0.4525439793,0.07578333014
4,12.85870681,14.31170796,0.9049841884,1.164579721,0.4203149937,0.4810235251,1.37543859,0.06166746079,-0.5704649023,-0.8708185571,-0.6264611016,0.02420201093
8,12.509148,14.84471736,0.02043176529,0.527460928,0.1598069305,0.1797230555,0.7607243746,0.6660688167,0.2600752866,-0.1766251036,-0.4473076894,0.3805549823
9,12.75421476,13.60757034,6.181663838,1.195730118,0.4404455762,0.5674175771,0.7960231154,0.534989839,-0.08371594437,0.2277797498,-0.08382198386,-0.5887018126
10,12.91051021,14.40696767,0.002075575912,0.7507598852,0.8872375882,0.09635981051,1.029498642,-0.635591861,0.6018967357,0.6464099705,0.06898281578,-0.0640206896
14,12.74402791,15.07766507,0.005257614175,1.209791943,0.5449676006,0.4578192742,0.8279323395,0.07310977517,0.3176768768,0.1051347416,-0.08527015263,0.534912762
17,12.65004812,15.08899018,0.8510881163,1.406668894,0.2570240791,0.02585923963,1.141066669,-0.4823236713,0.7277542748,-0.8684878753,0.004162423457,0.2143314153
24,12.72506949,14.41439697,1.083515599,0.5700671407,0.6911714752,0.413388296,1.125135463,0.5850068722,-0.4736325806,-0.5160796115,-0.06259349966,-0.434212381
25,13.62433041,15.05290755,2.294984251,1.309742359,0.4087039671,0.2110500738,0.6251155723,0.9776787627,-0.2627895465,-0.3053942254,-0.1249329212,0.8012233884
28,12.90807549,14.69205005,0.001134999808,1.24771123,0.366502724,0.4459027215,0.6210043556,-0.7114056366,-0.6364449899,0.03844543536,0.1285548568,-0.6455741059
29,13.19463534,14.50903156,7.684391142,1.299705582,0.5992398186,0.3891595738,0.7841742263,-0.1169922907,-0.3217215563,0.6782372147,-0.3910289395,0.2670130304
33,12.71691611,14.13436573,0.001530312646,0.3027775816,0.9787051814,0.5351102765,1.025281166,0.2238154687,0.3301683608,0.7868616213,-0.2954668685,0.6023678353
36,12.78682833,14.04781516,0.001726249952,0.5952553747,0.4655166564,0.1379086027,1.223968986,0.1070123673,0.4964637531,0.5055709253,-0.1087044448,0.9330004965
37,13.69794375,14.01931437,5.097634758,0.4200076589,0.02643948787,0.3782305923,0.5839965654,-0.8818587735,0.7594301193,0.6341370647,0.1506692786,-0.8233380293
38,12.87636952,14.12874208,0.03855220054,0.4247942809,0.9439161231,0.5449488238,1.058397979,-0.1396069116,0.3994844974,0.665745455,-0.5637872927,-0.2709742935
39,12.66301531,13.68972493,0.8064017236,0.4858520211,0.870317519,0.2205522802,0.8634378407,0.2942060132,-0.8271777578,0.4769673707,0.05429628146,0.5076828829
40,13.5146119,15.07974575,7.878368905,0.9339003412,0.740653525,0.04600967897,0.6675386603,-0.2158632818,-0.2132410197,0.1521173051,-0.5385298,0.3964387956
42,12.97927021,14.91482456,8.882800909,1.122330062,0.9738988391,0.05620506041,1.155122567,0.2196406642,-0.5523124016,0.2680859932,-0.2601637961,-0.6933708887
44,12.83292699,14.64594098,0.2662295865,0.5193394963,0.7907318159,0.2245890792,0.9500167832,0.5783446608,-0.843333158,-0.2754064699,-0.2269746229,-0.257325191
46,12.57794492,15.00118925,0.001542403581,1.337314981,0.0245861623,0.4799759912,1.47708392,0.6423674197,0.793450138,-0.3021391215,-0.02139687224,-0.3797197939
47,12.80038977,14.11992393,0.4901599297,0.982764697,0.2739101292,0.5191656269,1.18272667,-0.2063537459,-0.8293868896,0.3865736079,0.03430450467,0.4386092216
49,13.48476545,13.65772981,1.268399177,1.116900019,0.4200172207,0.2769930877,0.7587525085,0.1953550837,-0.983669315,0.5997499156,0.085559182,0.163525251
52,12.60918223,14.8347245,0.01695170038,0.9207397802,0.6606496158,0.1056696215,0.9060670739,-0.9317398049,-0.3457801367,-0.8590661036,-0.236552024,-0.2564500387
54,12.80969462,13.94756942,0.003090033957,0.7367171912,0.03343336147,0.4570408542,1.389067391,0.3705670932,-0.6387382279,0.1941937442,-0.2828988881,-0.4336666271
56,13.47618162,13.74769931,1.678492456,1.183492904,0.04911922443,0.1714391203,0.5995325442,-0.5302516778,0.4949617596,0.9265847145,-0.1951322473,0.08309312179
57,13.29744431,14.63963113,1.820803726,1.126037456,0.01357729702,0.2072279998,1.385334949,-0.01596924391,-0.03059451456,-0.3052712353,-0.1638422764,-0.4450568963
58,13.60988977,13.63401773,0.8822646856,0.8226029713,0.1727205397,0.4333414429,0.9338547872,-0.503535316,-0.920037131,0.6055620493,-0.478673517,0.2114568673
59,13.07166165,14.11253921,0.4245545881,1.405868077,0.3727213026,0.3758742526,1.271601283,-0.1664736824,0.6098888018,0.7803380327,-0.5539883703,-0.7237511416
60,12.65862528,14.66876538,0.002856737668,1.122794718,0.1525954092,0.2935687162,0.6744627985,-0.09125151934,-0.2112426139,0.2368843079,0.157267643,-0.09206906917
61,13.26581179,13.99560163,0.7135997795,0.4473973572,0.9563577751,0.2643517393,1.399566364,0.8545974416,0.6824300934,-0.08598997386,-0.02638958367,-0.5036309527
63,12.55875829,13.76022969,0.3100992768,0.8938504128,0.65389617,0.3017499996,0.598690154,-0.8278312306,-0.9044317447,0.2667046186,-0.4023306559,-0.9634352441
64,12.93670444,14.89468816,0.2154869909,0.9050312378,0.050998867,0.4796572373,1.083751042,-0.9181188017,0.06977313036,0.7018428522,0.1631777352,0.04146669621
66,13.02504771,15.02661531,4.148320548,1.476835332,0.1191433375,0.5105904952,1.342449434,-0.09043535848,-0.5966021672,-0.3876795136,-0.3989037538,-0.9342979515
67,12.50968532,13.78970352,0.00150066202,0.823617145,0.07205475552,0.5704927287,1.440581713,0.2704524155,0.7787671551,0.1723289167,0.08867182808,-0.03662871425
69,12.8191072,14.50000844,0.001798982337,0.5864324843,0.479342222,0.1594355241,1.305270473,0.6524371659,-0.2229876934,-0.316751313,-0.4499116256,0.1943190329
71,12.58888088,14.21479878,0.4760597963,1.103197733,0.4692852058,0.5234702168,0.8794243884,-0.03052241335,0.03006765005,0.6998967917,-0.3241653532,-0.1148557789
72,12.93509087,13.97296153,0.1152325525,1.112474465,0.345111889,0.4837758896,0.9521980712,-0.5499118248,0.0163168312,0.6134323288,-0.4246402428,-0.5608423388
75,12.84140941,13.61095644,1.190516201,1.399920538,0.8531257562,0.1485935929,1.005189286,-0.6773793304,-0.2042670879,-0.6338099091,-0.4943817791,0.867681135
77,12.85962094,13.89873217,0.03354429658,1.040899778,0.2515992005,0.6086772722,0.7807008965,-0.2004059391,0.9164322194,-0.0782214161,-0.537363484,0.08263544136
81,12.62946352,13.78925181,0.00301233072,0.9894988678,0.6209607161,0.08496694088,1.229844519,-0.5522995048,-0.03779620613,-0.4355858831,-0.6568576877,0.5876628532
82,12.9996856,14.49140855,0.2381245754,0.742687004,0.09730002108,0.5303768749,1.192008523,0.3249483718,-0.7627624483,0.5199497138,-0.4424168946,0.2902920409
84,12.67130401,14.74922686,0.02919389817,1.334553545,0.4104868946,0.08378365124,0.9256337046,0.4050341359,0.2184991309,-0.2779412539,-0.6200757308,0.1790411348
85,12.98082335,14.9206102,8.065617204,0.9023592838,0.4035500115,0.1860680537,0.5985212219,-0.7944073343,0.8835361495,0.139655451,-0.4364833419,-0.4702237575
86,13.11289551,14.17329608,0.2999596523,0.3297579337,0.813503228,0.4116967983,1.393557721,-0.249836566,-0.9478638434,0.7380534214,0.1295218919,-0.8603738605
88,13.01147929,14.12630278,0.001826309546,0.4893227853,0.1527767397,0.485413954,1.488348951,-0.708985769,-0.850781575,-0.2127468912,0.09328422509,-0.2290732597
89,12.7577545,15.03665911,2.009257338,1.006797749,0.8955295709,0.2932347121,1.482570763,-0.8618329942,0.08221479736,0.2819623832,-0.6571539304,-0.6955930231
97,13.32549612,14.77614499,2.077353181,0.8651052926,0.0567273796,0.3942912054,0.7056024454,0.616211157,0.06892361539,-0.1158240765,-0.3381193345,-0.1037004186
98,12.51856849,14.51961275,2.931982163,1.168039852,0.5671730364,0.4829665302,1.0594415,-0.7684607218,0.6790460332,0.2550198986,0.1408320085,-0.3086958839
100,12.70615291,14.57083207,0.002556730295,0.395012974,0.925783143,0.2925055282,1.023342529,0.9575332137,0.9245625898,-0.3717751902,-0.2420004282,0.6212427354
101,12.55439417,14.03156824,0.001974611098,1.266975665,0.8846172382,0.5485846544,1.385731839,0.9998916529,-0.2785575386,0.1421416601,-0.4536138539,-0.8884140628
102,13.13616205,14.09445732,8.685540809,0.8035333335,0.003457095282,0.604213442,0.7544535365,0.5565609406,-0.3502403517,0.568693637,-0.3908958174,-0.9330268611
103,12.57376999,14.17941651,0.2190649775,1.181993248,0.2266918002,0.5029262966,0.9447210475,-0.2389440461,-0.2651091525,0.6712800705,-0.3608889732,0.8156696289
104,12.61790151,14.83134436,0.06586999441,0.996209804,0.6615522186,0.2958225964,1.113845189,-0.7187855628,0.1699261278,-0.6558147092,-0.6523553275,0.7702862572
105,12.89498561,15.00840293,0.2258518267,1.072543292,0.282038112,0.4139478673,1.009823482,-0.1772421714,-0.5816440752,-0.6624198204,-0.03078216688,-0.3234615495
106,13.10239777,14.90289025,3.343833987,0.8256061445,0.5004294869,0.5983984303,1.119104776,0.08887758726,-0.07569004505,0.4624433217,-0.02783759405,-0.09437635594
108,12.67790857,13.70187625,0.08465979152,1.390733584,0.6528977476,0.5309465443,0.9134861059,0.4821167666,0.30555538,-0.8295867671,-0.2946432522,-0.3160253323
109,12.75510207,13.75930189,0.3886154936,0.3943331135,0.223797335,0.4451970993,0.645015498,0.1305445884,-0.9331223998,0.735204911,-0.5016287756,0.9851616356
110,13.21962421,14.5629475,1.625420966,0.3392691983,0.8781212889,0.4790151758,1.038507303,-0.7172588865,0.6835946099,0.6718120297,-0.6426151913,0.4032889048
115,12.86348043,14.71011262,0.02119800581,1.428091668,0.5529797374,0.07078553836,1.405024437,0.2623007745,0.1274309621,0.900488403,-0.1378862875,-0.7299619037
117,13.6604531,14.1810646,5.576503393,1.382053908,0.05516615542,0.1410145283,0.6127541686,-0.1667866485,-0.5542702378,-0.542139266,-0.01218854552,0.9106857073
118,12.62511456,14.66617254,0.01839128443,1.364531089,0.5369327587,0.0407312334,0.7654151346,0.258193629,0.8379164426,0.9436651532,0.10073386,-0.2477417833
119,12.62106711,14.41615836,0.001731020488,0.4086014922,0.2970461101,0.4189585963,0.590020836,-0.6787913773,-0.8827660779,0.5230716199,-0.4153218984,0.9062778143
120,13.22293453,13.61439868,0.5034197656,0.3850193414,0.24998523,0.05862293495,0.830770492,-0.7228100584,0.1633670828,-0.1345900331,-0.4677550792,0.6948231658
122,13.55236037,14.35913769,1.841831586,0.4563308769,0.956986648,0.5292444366,1.061562714,0.4631622158,0.7186064516,-0.3625198404,0.01695817819,-0.2902139864
124,13.33805564,13.92407322,1.54459806,0.9977833153,0.02521333923,0.2545404336,1.333174477,-0.4879187061,-0.09785964156,-0.4424671465,-0.4123228876,0.8632771762
125,13.41472796,14.0250615,5.816348065,0.6840780059,0.4172146165,0.4774221203,1.173634895,-0.339679957,-0.892119849,0.5821757329,-0.6463627715,-0.8888716447
127,12.8450465,14.19753923,5.793621805,0.8240754482,0.1869027087,0.4191813435,1.236377357,-0.005676445419,0.009785785289,0.1860105666,-0.4720143675,-0.3921783627
128,12.91399719,14.97402848,0.02923101553,0.5833004511,0.2705500799,0.6053317904,0.9957202458,-0.7782127281,0.4598299932,-0.589778081,0.1307432577,0.4876904772
129,12.79731328,14.43080022,0.001359578162,0.7531578132,0.2930090744,0.0464406927,0.9624079757,-0.8035676667,-0.6120068696,0.4442971845,-0.5714032534,-0.3181021935
130,12.61300813,14.30990806,0.2290474248,1.456163127,0.3049864546,0.3984961953,0.8723792698,0.3327713927,0.1778363263,-0.4035008935,0.04844354408,0.01525418192
131,12.69429562,14.88092876,0.002292476622,1.096443434,0.7176829613,0.1808433127,1.07948301,0.8828820655,-0.4270777947,-0.3911247709,-0.6405009518,-0.3256698579
133,12.75100589,14.10635764,1.170082078,0.4416515027,0.2039502119,0.03350163564,1.130359502,0.5267488928,-0.8280107091,0.5206159406,-0.2248493013,0.1389337207
137,13.51960605,14.18392997,3.701654643,1.151372266,0.1209934467,0.194989978,1.366585285,0.8365950555,-0.1841374818,-0.4031753423,-0.2279523533,-0.4011411794
140,13.20637616,14.91880505,5.886798183,0.6245350231,0.58945835,0.06903655488,1.262390281,0.09380531721,-0.02214873421,0.6024952427,-0.08146954414,0.8985886336
144,12.53778818,14.15919146,0.04901276875,0.916928966,0.02231338092,0.09427855334,0.8160317924,0.9666567499,-0.5443054828,0.6537837068,-0.6589041245,-0.8067756886
146,13.42734303,14.42850867,1.640884294,0.6918530264,0.5267738942,0.2662634592,1.132260249,-0.3399536072,-0.7598421403,0.179621605,-0.009588505268,-0.05181276857
149,13.42016745,13.94682461,8.373266904,0.4995571359,0.2523611577,0.3767356387,1.469358331,0.7302618084,0.1021564807,0.5739884708,-0.5672267794,0.1687630859
151,12.92858274,13.83633758,4.526480345,0.9430895521,0.7470571994,0.1872900736,1.278035241,-0.7210882591,0.2232845364,-0.9207130632,-0.6082736646,0.9697022313
155,12.67036552,14.53714779,0.002738666399,0.3153682399,0.4714291568,0.5129380924,0.8982408432,-0.8005054808,0.7923305123,0.49512861,-0.6514144173,0.3841400257
156,12.97692278,13.92582183,1.376054941,0.7903574425,0.4794403151,0.06490176247,1.131761114,0.4006785073,0.6899367574,0.7851333451,-0.6121206745,-0.2660810438
157,12.75379574,13.82582088,0.001857531569,0.7590514008,0.6883144233,0.01872393008,1.087095128,0.2190871056,0.703349978,0.6258961118,-0.4880938866,0.5948757291
158,12.62020318,14.51480333,0.1447444517,0.8360523735,0.833468364,0.2269059592,0.7419434098,0.8612040174,-0.7976442051,-0.4882363986,-0.6133011001,-0.6911759168
159,13.29047486,13.82825134,0.8577278989,1.314689517,0.5060898872,0.506416269,0.7920474533,0.5303967846,-0.5422413041,0.8092346963,-0.2631715559,0.2397331784
160,12.75125545,14.91075557,3.788692209,0.6842820349,0.1024841931,0.0920135508,1.313613617,0.8623908707,0.4630491529,0.8201277323,-0.07102277666,-0.1731041175
161,12.77841425,14.75820976,0.008218152004,0.7763857412,0.5722803645,0.5497059394,0.9047187871,0.5656706472,-0.1722234004,-0.6235875885,-0.3161318399,0.7163337961
165,12.85746049,14.29782505,0.002048300622,1.09477858,0.5188905553,0.3097561436,0.6173443362,0.140848509,0.04410188784,-0.6757466251,-0.3788987436,0.6623604543
167,12.71447089,13.89364808,0.003190374883,0.4899751721,0.7869672061,0.2124132634,1.202258688,0.1134332109,0.3561742818,-0.7980874783,-0.01256142966,-0.2111200609
168,13.62196536,14.3784458,1.186056752,1.006415503,0.8975336873,0.399567571,0.6252630677,0.9363820909,0.2874247419,0.7091429275,-0.4903044491,-0.8292681482
169,12.65915933,13.68037173,0.9779643498,1.156385749,0.7829177737,0.5746904554,0.7582281011,0.5773028832,-0.9794149329,-0.2210417083,-0.4328088392,-0.2126428662
170,12.52209165,13.75972114,0.2866864442,1.219640399,0.6111680746,0.5809166494,0.6314334607,-0.3776411283,0.7964214078,-0.9766455216,-0.3827156139,0.1806524068
173,12.60958136,13.71103713,0.003330973905,1.337991291,0.1357647277,0.2512524848,0.8713456312,-0.3307279212,-0.6657787726,0.5226800356,-0.281860783,0.2608150145
175,12.86137777,14.06694238,0.00133354643,0.9390262587,0.1768406269,0.3396748887,1.404424436,0.7048909638,0.1969363363,0.0889027407,-0.2208558719,0.7432814038
176,13.01579277,13.83888252,0.02127880342,1.257657049,0.09867845882,0.3359046349,0.7232552573,0.2589734692,-0.214678043,-0.8544096366,0.1574552867,-0.7804016062
180,13.13447409,14.03681177,0.6368128767,0.5082731492,0.07898293426,0.4927578558,1.081417309,0.3400047843,-0.01488094304,0.9965231947,-0.09344331574,0.5865173982
181,13.33641698,14.28951731,0.5135262309,0.338977754,0.00799234361,0.581502396,1.350670314,0.1127848153,-0.1388887711,0.1715312018,-0.5062245823,-0.7125973645
182,13.46516613,14.57938131,5.347078685,0.8324357797,0.263767359,0.01429722086,0.9445579289,-0.5531556502,0.5501136454,0.7810775971,-0.0005508318713,-0.1907216746
183,12.64901155,13.72277162,1.327250869,1.388261487,0.02621097206,0.07464402036,1.20715032,0.9167286596,-0.07993727776,-0.3087918195,-0.106921061,-0.7467850869
186,12.77759288,14.63027214,1.007573568,0.4336942735,0.94129052,0.5843890377,0.8462050758,0.6331903862,0.8861706471,0.3144557952,0.128773782,-0.6413054488
188,12.54213296,14.864766,0.00962760465,0.5215542558,0.6496522999,0.05490345362,1.252343909,-0.7168926739,0.6790900758,-0.476358015,-0.07756477257,-0.6667373433
190,12.52399004,14.25786203,0.006877036768,0.7978272901,0.7677495811,0.1764855887,0.8597318513,-0.1119767198,-0.6250596422,-0.6685270364,-0.46582599,0.235653818
191,12.63335915,14.98644302,0.1985370303,0.7070704945,0.1510937419,0.02684313697,0.8521195268,0.4350727848,0.7909262431,-0.9586317291,-0.06167328522,0.3118086604
192,12.61737961,14.28315723,0.01135481436,0.577227694,0.4766882679,0.2462757935,0.9691934614,-0.03013901879,-0.8165908756,-0.09117921279,-0.4786015731,-0.9558366616
193,13.55082744,14.50959038,1.580279559,1.067274858,0.2416217733,0.05485698616,0.7696920829,0.0161906284,-0.2508877103,-0.2490615505,0.07851325307,-0.2645980912
195,13.39193132,14.75422356,5.494255995,1.354146966,0.148672612,0.4979119404,1.06234305,-0.827687043,-0.04594996749,-0.9735552496,-0.505069604,0.1527318662
196,12.53211284,14.42631811,0.006443088671,0.981315038,0.6846599392,0.540542003,0.8445248112,0.2491530595,0.7345143925,0.6356933002,-0.4258887901,0.789905183
197,12.75549674,13.70269939,0.03956121396,1.227211252,0.8155853534,0.001222742361,0.7055166608,0.9544581469,0.1894179267,0.6990465806,-0.07161430321,0.9279865243
198,12.77784021,14.00584676,0.001407832569,0.7570819797,0.2118228073,0.5492435167,1.461366791,0.5800736727,0.7130866344,-0.6199630754,-0.6381210191,0.2651062028
199,13.18190936,14.1630268,1.080314591,0.9902624573,0.1102763222,0.0002224103772,0.696843809,-0.349996654,0.821055257,0.4847503301,-0.6111603289,0.9641596824
200,12.79676568,15.04527243,2.221528249,1.424514315,0.1309908257,0.2350028981,1.421829815,-0.2220408423,-0.778950137,0.3264442961,-0.2521187913,0.1021502537
203,12.66427214,14.48738924,1.571546036,1.173921013,0.1808915211,0.5850058392,0.618256139,0.01353709691,0.1326559552,0.3447460754,-0.3063162767,-0.8262911794
204,12.78037901,14.80920354,0.08807249598,0.6544703211,0.8605370369,0.02405022316,1.362065119,-0.3985986991,-0.6389350888,-0.6872470989,0.1433975061,0.3993891898
205,12.7817776,14.81786664,0.01152326208,0.4374198881,0.516979295,0.1256224491,0.7961254158,0.2589442151,-0.6775826227,-0.8558638852,-0.6167388223,0.8730036143
208,12.55043832,14.70409808,0.003844506469,0.8905616013,0.1281048356,0.01798011009,1.284887285,-0.7183982585,-0.8812940556,-0.7500718497,-0.006610766501,0.2410395778
210,13.21617469,14.02147746,2.059000509,1.407184201,0.2238064543,0.4062843711,1.286018653,-0.9599131257,-0.1690199021,0.04913756089,-0.1058697549,0.3135805327
211,13.22856145,14.22598996,4.325623039,0.9532979524,0.9679444477,0.3912923579,1.055198185,-0.515943377,0.4306934373,-0.6539327158,-0.2927321259,0.8557911636
215,12.52014791,14.67851465,1.033462742,0.4794340071,0.147282748,0.08297095595,0.6071638699,0.6250862072,0.2181165846,-0.6515859352,-0.2401226275,0.2542761196
217,12.59300877,15.02990427,0.06635108743,0.5481392234,0.5961321825,0.3849869315,1.461528693,-0.6775739745,-0.812857116,0.8840570532,-0.505774496,-0.3211800788
218,12.71281227,13.63504051,7.652079162,1.315407887,0.7931808292,0.4868178962,1.334783775,-0.8007198288,-0.6828249565,-0.4710162098,-0.3521108812,0.8890927341
220,12.64077085,13.94334982,0.07279704278,0.9437269171,0.9446224092,0.0494494531,0.9288344598,-0.500747763,0.06667467289,0.9464321603,-0.2589594283,0.6791413917
221,12.65021386,14.20625579,1.23851757,0.9583188089,0.3449701093,0.3831922935,0.7330270855,-0.2603367672,-0.8514457972,0.003397894123,-0.5887053791,-0.9177223333
222,12.8262492,13.86102009,0.003248799895,1.361191764,0.5794906656,0.1572385372,1.064979763,0.675560619,0.7030924627,-0.2741942083,-0.3570492029,0.9651938882
223,12.76865362,14.72939323,0.06480665852,0.4625635963,0.8948021789,0.2041777,1.08112485,0.9693289885,0.5349229815,0.3785941367,-0.1663186501,-0.3307886859
226,13.41451604,14.81162023,1.625286228,1.093458987,0.8454253965,0.1445782782,1.276382411,0.9577788415,0.6152067012,0.5775096392,0.07125730567,-0.4372119665
227,13.52006162,13.80175707,7.140570464,0.7399218226,0.04023304716,0.3985261956,0.6130876484,-0.7565240842,0.8528685722,0.2017419444,0.007373582301,0.8866122182
229,13.03310992,13.96789675,0.3510888735,0.8239355851,0.3581927558,0.5888285355,1.143998651,-0.8827965026,-0.2447900912,-0.9857486678,-0.4115655568,-0.7788884841
230,13.58518132,13.70903504,3.921984351,1.33382456,0.3156521791,0.5983725706,0.9455357075,0.6617795048,0.07698056576,0.04717208327,-0.08216609383,0.689237752
231,13.4377686,14.71767567,2.994911918,0.4265300287,0.04505671273,0.1279543784,1.364406793,-0.9216009536,-0.7330985909,-0.5196956324,-0.1372514209,0.7467697139
234,12.92134772,14.11613937,0.004106946958,1.198454638,0.7378132882,0.2252488689,0.8920803515,-0.9483368076,-0.3774165963,-0.9680143132,0.1659015316,-0.29780014
235,12.80232493,13.92478327,0.003622368394,1.011394754,0.7623362095,0.4204091271,0.6781958451,-0.9485974966,0.3916157681,-0.1337081366,-0.1595578592,-0.4434154428
236,13.59794375,14.43881202,4.15199643,1.133600573,0.8462173788,0.487700545,1.165358441,0.1541543052,-0.6972243912,-0.4013383833,-0.02923268646,-0.2553636187
239,12.65726111,13.70365566,0.2363152662,0.8921629296,0.5526715166,0.2550940399,1.094099081,-0.4431149032,0.3284466275,-0.9119006062,0.05063304809,0.7503863319
240,12.86007995,14.07921914,0.07357394865,0.3076850471,0.68621421,0.4664134789,1.313401811,0.2682141093,0.05716783416,0.9723966988,-0.4555487459,0.4578851748
241,12.55717633,15.00256785,0.06543553753,1.300641143,0.9128010311,0.5674827907,0.591425692,-0.2948148658,0.439135834,-0.6616377783,-0.4930882255,-0.02387437009
242,12.92051268,14.83957262,0.002285742986,1.282299239,0.001205341032,0.5907492322,0.9567276732,-0.4181402107,-0.8444117954,0.6171976009,0.1362261062,-0.9260811173
243,12.66882571,13.71573016,2.6997775,0.5978097959,0.5342971747,0.3862346785,0.9328139609,0.7247486218,0.2870459234,-0.9055172457,-0.1310985124,0.7685082503
244,13.20746401,14.91452501,3.746716619,1.046369608,0.8093932776,0.1476429443,1.073433513,0.1387815278,0.7145256237,0.03474924642,-0.09390562194,-0.7165089126
245,13.01026629,14.30812255,1.071523435,0.3409155553,0.5449519665,0.3041853632,0.7776495869,-0.01266496867,-0.8470007166,-0.3244583683,-0.4882820795,0.04075894746
246,13.0982961,13.96766985,3.633157172,0.3876149101,0.5063857894,0.3399549554,0.9243971921,-0.8477906985,0.4881970972,-0.8888148729,0.02833691213,-0.239299049
247,12.8022439,14.1651893,0.007627207864,0.8882981397,0.2049297198,0.478718629,1.285300456,-0.3058057704,0.4392532658,0.3154987856,-0.2295962484,0.1656931506
249,13.31181751,13.95581603,1.98293685,0.3255318194,0.8386321062,0.3318390098,0.9627905216,0.4664967701,-0.2016374259,0.7786810803,-0.588505212,-0.3680544909
250,13.61245257,15.087108,1.190440726,1.143801427,0.8295137147,0.3371273546,0.7235127404,0.0853202317,-0.2196312155,-0.5535295465,-0.3433293114,-0.9568378642
251,13.00427842,14.97508841,5.026232385,0.9596432301,0.4878646954,0.0384250557,1.050159934,-0.2986232306,-0.1792837092,0.3128492271,-0.1598657415,0.8203137065
252,12.80894534,14.04542215,4.606463226,1.438832037,0.4597797328,0.2841747294,1.185223875,-0.4089279127,0.6025440003,-0.9377898713,-0.2834602368,0.3041550069
253,12.60393457,14.69288263,7.396609187,1.187350624,0.08361447774,0.5844173225,0.7702742096,0.287822143,0.2378715788,0.4269946159,-0.2035422486,-0.1942533016
255,12.84264441,13.88838882,0.4195209088,0.5300332934,0.4099169769,0.2557232473,0.9133995152,-0.04661014487,-0.6804926604,0.3922069177,0.01592206351,0.715380855
256,12.62025426,13.9838422,0.06660115896,1.284251814,0.2980060857,0.2867644646,1.093877574,-0.03252365423,0.1475025259,0.6986823827,-0.0176111025,0.8318126518
257,13.54196176,15.0435732,2.767989697,0.8105238836,0.8085439026,0.322264999,1.453058232,0.9809294478,-0.1106511646,0.9735712759,-0.05922196322,-0.1799757571
258,13.42377375,15.01485922,3.756080976,0.3506031257,0.1857067617,0.005656544488,1.424932077,0.9511597582,-0.8504348317,-0.7775512791,-0.6551979375,-0.362508589
259,12.5558778,13.87502332,2.176223647,1.249758277,0.03407605649,0.01242395882,1.231338652,0.1911060143,-0.6997124718,0.5467966431,-0.3576549247,-0.1492917196
260,13.56521157,14.97052558,3.893059662,1.286251828,0.1750915292,0.3502138228,1.226207234,0.1976204534,0.03674564977,-0.4986678901,0.01535571123,-0.5387647509
261,12.73783684,14.95373994,1.602593454,0.8268730198,0.546077194,0.2067505737,0.8880490308,-0.398572669,-0.1980533296,-0.915141793,0.01098569516,0.8248139854
263,12.57980769,14.80996045,0.2024152513,1.20365212,0.2582012019,0.1868376368,1.35815412,0.6755076305,0.2590746522,-0.1396396661,0.02130328494,-0.5507909275
264,12.51884944,13.7838325,0.1273179291,0.8719131593,0.02000621292,0.238552661,1.208879372,0.9664825865,0.8753628759,-0.9781329857,-0.4466387972,0.4889524889
267,12.96270637,13.8111969,1.319747392,0.8673362603,0.110181572,0.5981341967,1.372800459,0.06744247548,-0.06786365934,-0.5652318547,-0.1882297864,-0.7386977824
268,12.73732308,15.06068054,0.4622625017,0.5766058948,0.9110773557,0.2524061772,1.047941936,0.6567656262,0.7710293041,-0.74636808,-0.3936649811,0.480909546
269,12.57409756,14.39058859,0.01029483017,1.199637919,0.1200543994,0.458476212,0.9971605327,-0.3191049302,-0.2568384709,0.6263215998,-0.4084082911,-0.5305094626
270,13.13431101,14.43435827,2.931595096,0.9943613332,0.2300003483,0.3156645874,0.5991446352,0.8539634058,0.3670676622,-0.08924161875,0.01482532497,0.5855376417
273,12.62035336,13.62542924,2.49496077,0.7833462969,0.4580845391,0.4473108096,1.39058016,0.2638486104,-0.7662410654,0.5747664274,0.08940548012,-0.6234673848
276,12.66477216,14.81104173,0.04256034012,1.152367628,0.2993628058,0.2241616099,1.084542259,0.5984411679,-0.3355289423,0.8038729189,-0.292120319,0.5687546316
277,12.53982329,14.12464305,0.002210108821,0.8331542558,0.1485248519,0.3046918657,0.6219133868,-0.3976442849,0.4997129399,0.9027073127,-0.2976246755,0.8246549544
278,12.67800809,14.52566691,0.01337245579,1.147767229,0.02016298196,0.3914223134,0.6351679123,0.3834064934,0.1615498393,0.1157175628,-0.1849192453,0.04827396549
279,12.73179048,14.79225951,0.001029394461,0.6311919771,0.7755386932,0.4668497239,1.176471897,-0.4707452733,0.4101507519,0.5196175986,-0.5199332609,-0.8793792126
280,13.00047514,13.96880737,0.08474323414,0.324389538,0.02971250417,0.4585607913,1.355795336,-0.971677135,-0.6438235464,-0.03089216077,-0.08072980057,-0.5313943946
281,12.80458115,14.19233264,0.1184875787,0.7315358209,0.3516873047,0.4965587456,0.90411304,0.7427356907,0.6371463053,-0.7281322298,-0.1738275309,-0.6971859628
283,12.64050489,14.6565755,0.002684843452,0.5615619151,0.4365758259,0.2665189166,1.353917143,-0.2848516137,-0.1134445736,-0.4934830232,-0.1176188589,-0.6456605519
285,12.61479626,14.08787813,0.2157192708,0.6015763127,0.7254040181,0.1171681251,0.6394094773,-0.5559676998,-0.01292992916,0.988465254,0.06477686509,-0.5432969616
291,12.93852844,15.09752967,0.003476352423,0.3842278698,0.1061389591,0.4161712191,0.8602273473,-0.9665077641,0.6914895201,0.4095454124,-0.06689563968,-0.794485472
292,12.96650981,13.92671944,5.246276138,1.218654492,0.3174357895,0.08060865882,1.131147901,0.1999869773,-0.7018919892,-0.2325783713,-0.2421044293,0.6618971234
293,12.98920699,14.0061024,0.01747435815,1.474242848,0.1987348169,0.02984791628,1.13690372,-0.8279585147,0.8681439089,-0.8715127638,-0.4043530164,-0.7252915096
294,12.65042657,14.90471356,0.0126688349,0.3847199386,0.589135148,0.002456886395,0.7248850229,0.5940655756,-0.5695602327,-0.7165167351,-0.2216114127,0.2203817596
296,13.01510252,14.54849113,0.8310934439,0.4755744961,0.9442460795,0.4461492019,0.8227898624,0.9391475931,-0.2831187135,0.6646014224,-0.01037895268,0.5915504506
298,13.44483104,13.74845604,6.030242976,1.267363512,0.3353905472,0.1078742487,0.7573357402,0.4946253685,0.2329953278,0.3950345954,0.007324645983,0.2695760351
299,12.61307396,13.91945559,0.3936218591,0.5531019735,0.5461502265,0.3874695738,0.6169530275,0.6329253573,-0.7707673064,-0.3928425212,-0.4918032019,-0.08542889756
300,12.58009233,13.68336381,0.97162244,0.6470641558,0.02028254557,0.2810666383,0.726526144,-0.4129365802,0.6167527508,-0.005657908317,-0.6527849815,-0.7965423732
302,12.55714078,14.69109597,1.397802765,1.406412886,0.8122299444,0.1187163423,1.269167485,-0.5705180093,0.2751822958,0.02503868476,-0.3647561698,0.633563337
306,13.34210174,14.37899047,5.626062539,0.5053281448,0.5083228706,0.4838041807,1.025651375,-0.8072310761,-0.656798816,-0.8997212856,-0.1401275394,0.5355310639
307,13.42711882,14.19587662,6.601089467,1.015429246,0.7080450273,0.02995793318,0.857780687,-0.6867910772,0.2077353,0.8523820404,-0.226285974,0.1486144341
312,12.85649594,14.80543536,0.1053037436,1.45299833,0.1873506213,0.2347176583,1.447791198,-0.3712664784,0.7574658515,-0.1183955927,-0.5613042204,0.5418449257
313,12.51266632,14.47405843,0.001580136061,1.182741518,0.3309486493,0.2893988638,0.7945477984,0.03071402422,-0.6865032357,0.5374887674,-0.6513582984,0.8414451663
315,13.57482715,15.0046771,2.409017618,1.065304957,0.6193939279,0.01669660047,1.347080272,0.763898275,-0.4174754447,0.7525477613,-0.07884611931,-0.3646922668
316,12.85207899,14.067591,4.59984559,0.7022589717,0.6600967161,0.02392654157,0.7165990992,0.2869405651,0.3927743098,0.2145933126,-0.352745778,0.8331666754
317,13.02180507,14.29844117,3.610560324,1.449626274,0.3021435268,0.5736825771,0.8125908294,0.8735678148,-0.03683883915,0.7170783182,0.1283030272,-0.7702067186
318,12.53856219,13.96992745,8.726548911,0.7328893341,0.04749718552,0.05390532581,0.9388629759,0.8261312645,-0.9691798751,0.5392086099,-0.03524408393,0.1357674785
322,12.87069512,13.8179376,0.009679677034,1.121723951,0.3920403574,0.3206639287,1.290553676,0.03904222003,-0.3025827462,0.2837668026,-0.1081287567,-0.913137137
324,12.66901127,13.93278065,0.2018505113,1.465494756,0.7428330078,0.2366197609,0.9458413699,-0.4163530641,-0.4398022094,0.001499757338,-0.2271870861,-0.1309497455
328,12.9313391,14.49494313,0.09183590737,0.6135464846,0.9846459742,0.05201651758,0.7892403938,-0.6016390174,0.2058731584,0.6802578008,-0.3409832625,-0.4276901847
329,13.00953718,13.84910864,1.235432413,1.254002912,0.03307866565,0.1745871945,0.9505112674,0.6963208103,0.3125667235,-0.4065797529,0.1742843265,-0.04049618315
330,12.71116389,15.04863188,0.08212843565,1.260185012,0.03325017054,0.2366716677,1.395421239,0.3570740427,0.01060441896,0.3231398781,-0.1435791179,-0.1089914247
336,12.66911232,13.9689998,1.552130235,0.5504901496,0.4261366886,0.2274649293,1.092060614,-0.5191559276,-0.9672598727,0.8103797208,-0.02094843284,-0.9392817694
338,12.93212519,14.3624783,1.07246598,1.339886246,0.5043996307,0.0403278692,1.284763892,-0.821997076,-0.7905297454,0.4285132131,-0.33480256,-0.4121429497
339,12.75533185,14.13998472,3.455611982,0.5970671242,0.8412137833,0.3372060289,1.361681219,0.9915718787,0.4654288109,-0.7318637752,-0.2414732796,0.7559632294
341,12.97008123,13.80860476,0.04025390081,1.379177573,0.4103457274,0.4401016215,0.9109032712,0.964006872,0.5832453432,-0.03015097209,0.1560049215,0.2554949042
342,12.91684861,14.47437181,0.01333443919,1.173188627,0.9162799553,0.0993064819,1.371861186,-0.4966423688,-0.6860302373,-0.4879585678,0.1972645944,0.9841096081
345,12.5124791,14.83911867,0.002902053552,0.4702634438,0.6183960406,0.3007209313,1.132693742,-0.5220839745,0.2536730576,-0.7275843337,-0.08368205002,-0.7395070724
346,13.23220089,14.56553904,2.054659752,1.46737442,0.4124184295,0.3225918301,0.9355048324,0.2209294721,-0.2521837871,-0.1646257548,-0.4962117704,-0.06330297824
347,12.88446655,14.46364219,0.1111933466,0.9952537465,0.6250640073,0.06591728604,0.8480200255,-0.7231707062,-0.6239039394,0.9665345186,-0.6690935223,0.5730360495
349,12.82479628,14.87420058,0.01684378664,0.3388454793,0.6899268913,0.3091803352,0.6996743473,0.5720342495,-0.3626562977,-0.2439427248,-0.646773735,-0.1254935409
353,12.66645745,14.60473443,0.004006962375,0.3664827154,0.8900567023,0.1300732697,1.05409288,-0.4362953941,0.4217892729,-0.05667987184,-0.107363418,0.3631962546
354,12.70138146,13.91452975,3.002040968,1.137094767,0.7088605116,0.1875567042,0.9855147997,-0.1968069636,0.3624945601,-0.3548375887,-0.6336147015,-0.1693309431
355,12.74791266,13.81095267,0.03678397755,0.9366806054,0.08391461142,0.0985755425,1.421290623,0.4211325604,0.5219982899,-0.9903223464,-0.3931588535,-0.3448620548
357,12.79464084,13.63324036,0.01600135381,1.343177774,0.3485536751,0.2870895489,0.8174539319,-0.1671410364,-0.03318083008,-0.6754288897,-0.04877276143,-0.4774635253
358,12.93513058,13.61110994,2.569394369,1.156611892,0.9630218693,0.5772255044,1.075194736,0.2440521212,0.8166242126,-0.3325240673,-0.3450074444,0.4398904614
359,12.78015178,14.73436447,0.004523698829,1.299676954,0.9095521533,0.5632145698,1.417316542,-0.534659993,0.02964301432,-0.5452829432,-0.435422365,-0.8287870869
360,13.03379699,13.62416161,0.001706642653,0.5877146278,0.5624177443,0.06485913943,0.7454006684,-0.7580017216,-0.883326024,0.1108958188,-0.6088525398,-0.9424656904
361,12.67028439,14.66907519,0.001243648687,0.9382089557,0.01341598765,0.3257096557,0.7993609861,-0.5182575639,0.4551358094,0.2447028371,0.1408589091,-0.7558237232
362,12.86089969,14.47168017,1.090404456,0.8279742683,0.2657032511,0.1049848775,1.288541714,-0.4002304123,0.5302511499,0.8727339908,-0.477008218,0.4828504659
363,12.97899077,14.82868863,0.9234309493,0.5459311716,0.5011849884,0.4629473939,1.239397975,-0.9728421856,0.8102716571,0.3761743886,-0.312928329,-0.6898904527
364,13.05769802,14.74113971,3.782587679,0.71907687,0.8222727872,0.2705326396,0.866525604,-0.7162401659,-0.6221313854,-0.486208072,-0.3503917221,-0.7667705591
365,13.17524256,13.99942085,3.459071131,0.6579223549,0.7142025839,0.01819845197,1.089871858,0.8664233091,-0.6211933673,0.2043207373,0.05816570717,-0.6510715186
366,12.79042551,14.00706243,0.04505740477,0.4493436833,0.584744842,0.1131217836,1.06812435,0.5514799465,0.4164215632,0.5760692893,-0.0243561306,0.2831945315
368,12.98653062,14.31579127,3.832411998,1.392150941,0.6869854554,0.2878187745,0.859774411,-0.5490630132,-0.1330269236,0.2378190937,-0.2952429527,0.9803195186
370,12.77058749,13.94293452,1.852172062,1.140155318,0.67272231,0.2154328223,1.447440445,-0.7761597099,0.2937537982,0.3006185355,-0.1882505601,0.8231674363
371,13.27650924,14.22582242,2.722649212,0.9721361346,0.3471384787,0.2570151447,1.26154833,0.8037037516,0.265645344,0.7081558942,-0.4394076854,0.5694277971
372,13.60862538,13.90973191,2.482533822,0.3008407527,0.2264618622,0.4981858755,0.9970350268,-0.7061597282,0.8762956126,0.2596432383,-0.5134796975,0.9186541144
373,12.69117807,14.65366742,0.09148487143,0.7510046546,0.544735045,0.5356872075,1.45438887,-0.2831325177,-0.5002349933,0.4549128214,0.05001950269,0.9131151226
378,12.93242816,14.63331474,0.7099004038,1.380884098,0.03820297381,0.1482658673,0.9058971482,0.4665216786,-0.8030148247,0.3270368589,-0.6351630172,-0.5061005319
381,13.06131757,14.88456237,0.3603077722,0.456973574,0.9511511071,0.3465904127,1.098677767,0.6215392337,-0.9749819637,-0.2782704759,-0.6521836447,-0.6259490381
382,12.73601135,14.53934273,0.03348283371,1.282630958,0.1831573571,0.5855351454,1.045326922,-0.5078915123,0.4290437621,0.4843313804,-0.4736716155,0.1942415983
383,12.89828657,14.2963338,0.3514161621,0.718938494,0.2887644618,0.2360543012,1.459124045,0.2466730205,-0.7794492754,0.09345642539,-0.1606386202,0.6848003291
385,12.69589346,14.74518562,0.001356971373,1.307148512,0.2522259515,0.1439115568,1.255538953,-0.8727995931,-0.3014853885,0.3361711455,0.05414012011,-0.8872173205
387,13.25791145,14.53813101,1.911117875,0.7633896473,0.8305456653,0.07536152554,1.411562054,-0.3307714782,0.5060903693,-0.352241322,-0.6678613485,-0.4236627624
391,13.32499494,13.86423783,1.722788194,1.43921521,0.09408899185,0.153941258,0.8488438841,0.9187294222,-0.7385282676,-0.8132562845,-0.4654696363,-0.3366273784
394,13.52821315,14.46862434,8.753638595,0.6308496825,0.6182931634,0.3152759052,0.6559083864,0.3056152276,-0.007356321361,0.7340438772,-0.5005130645,0.4008453741
395,12.93003351,14.15096218,0.1197113565,0.5232423598,0.2348404579,0.437187483,1.278968101,-0.5579241149,0.780213099,-0.779996671,-0.2555402006,-0.5428970289
397,12.6771693,13.83140647,0.5290214408,0.8792060816,0.119324656,0.04464023559,1.37672725,-0.4655327316,0.4274469099,0.3865904852,-0.1443850313,0.3573168683
398,13.47608978,13.97697652,7.087053708,0.8479221274,0.1392212991,0.4959951227,0.7067931737,-0.1373350485,-0.246023919,-0.9922230964,-0.002400663103,-0.3108630804
399,13.56031143,14.58370754,2.284203374,1.015315503,0.1525548922,0.4017083904,1.279288175,-0.1160356581,-0.2561108596,-0.9200462473,0.001149612891,-0.9466608706
400,13.49518666,13.96194756,2.760452536,1.298165513,0.1783086106,0.3235960005,1.476181891,0.6788763152,0.1396608519,-0.7979571776,-0.6412048819,-0.5874936086
401,12.53793595,13.61523465,1.777831074,0.7038107878,0.6570304394,0.4494679964,1.265032556,0.02106549286,0.2484787075,0.4734798564,0.1347523648,0.5278190014
402,13.59320187,14.45250523,1.097114673,0.5390373171,0.7288800438,0.4598571293,1.324964345,0.3098866672,0.1870551344,0.7781579453,0.1041549758,0.5628358472
403,13.10178184,13.60042176,0.003247755792,0.4586216806,0.03366238957,0.5845599961,1.291916753,-0.9560578089,-0.4166918605,-0.9827724185,-0.5565690799,-0.8606088661
404,12.65839675,14.11023343,0.7214504055,0.8120618589,0.001660736277,0.5308632091,1.019092952,0.4081347051,0.8631499319,0.9578508923,-0.2571908088,-0.6398134827
406,12.89756192,14.33143123,2.20705465,0.663128976,0.1814819177,0.3935942452,1.429436919,0.396320822,0.8315711164,-0.927604933,-0.3396735648,0.6898076594
408,13.46521143,14.49938215,5.499892642,1.337361294,0.6768967761,0.1947690654,0.8672929145,-0.9015962022,-0.9441327793,-0.5174434382,-0.3081491606,-0.02034260277
410,13.18030534,14.10891634,7.890242775,1.399947559,0.1402832378,0.5349522665,0.6171767341,-0.04098318486,-0.2398196913,-0.7855742977,-0.26719196,0.9739624009
414,13.68992392,13.73474731,3.635404775,0.6422914914,0.8752090207,0.4775977456,1.007026964,-0.2092553397,0.4826465323,0.728326768,0.01996377743,0.241573509
415,12.64945585,13.85565022,0.001033666901,0.5791876096,0.7549444177,0.1907284014,0.7230452754,-0.09538015098,-0.560801916,-0.8689655257,-0.5943849919,0.08991770479
416,12.91776965,13.71143098,0.1135303452,0.3246081892,0.3218662425,0.3732362619,0.8086883785,0.2128106065,0.6317953987,0.9049193428,-0.5427073106,0.302646121
417,12.72821177,14.87890268,0.005950581355,0.3350065435,0.5340150992,0.519420597,0.9172839025,0.04797904047,0.2290123692,0.03823597837,-0.08048760718,-0.7321844164
419,13.46732176,14.92366745,8.268141002,0.8928453697,0.753867069,0.5336368907,0.8659430787,-0.7534084188,0.614001788,-0.6641601553,-0.05922547544,0.8715400452
420,13.50542655,13.89158479,3.354279993,1.039124435,0.1142677852,0.6024726214,0.5940498282,0.9626987733,-0.9755004649,0.2416263687,0.06872653221,-0.7171788748
423,13.4892125,14.08392402,2.523019529,0.8625389555,0.200622604,0.2233634244,0.7252043155,-0.3744641596,0.799636193,-0.3893975468,-0.1091495583,0.4967330626
428,13.15872476,14.09786452,8.750460623,0.9746785824,0.81311201,0.2647064523,1.130342489,0.9882786738,0.5635169643,0.5974811169,-0.06294348232,0.6287368754
430,12.74223104,14.21720965,8.118702911,0.495399664,0.03876252438,0.1835694714,0.7769875499,0.9442238069,0.1568931513,0.7683363417,-0.3218748336,0.2419896893
431,12.58659844,14.77799393,0.04655980939,0.4210156379,0.1149281243,0.2410547805,0.9678857632,-0.9215481612,-0.6858237435,0.4499709829,-0.4306125561,-0.8660756358
432,12.87834452,15.00775197,0.09575530797,0.8112553171,0.469067541,0.06208942066,0.6713667705,-0.53885323,0.7776309331,-0.4637920329,-0.2017782889,0.2917923895
433,12.75116353,14.41566499,0.008078098179,1.192228939,0.08406846309,0.3950978763,1.054556706,-0.3869899433,0.01173252317,0.4323213968,0.09491845602,-0.5853724614
434,13.24906354,14.59549098,3.335649094,0.4132840966,0.2988332287,0.3691106408,0.8824768101,-0.5428824233,-0.590786077,0.07048250233,-0.2987797021,0.7039190288
435,12.88523032,13.67555706,0.002844293423,0.9182720216,0.1668800775,0.4363959107,1.330325849,-0.3087179243,0.8095970131,-0.9070391137,-0.06099199558,-0.4959203014
436,12.9582784,13.71552266,0.7011763103,1.39505485,0.9583032052,0.5136965111,0.6682703124,0.3048006886,-0.2698823103,0.7488340127,-0.009703236081,0.8554943417
437,12.96434659,13.99341296,0.01923644535,0.3823625425,0.8319381347,0.5190461513,0.6778213351,0.9263107563,0.7175258202,0.6360185568,-0.0599377129,0.6360529935
438,13.20979941,13.93301373,2.418608282,1.048497951,0.2487185896,0.04767384129,0.7312766981,0.6692828802,0.6806570542,-0.4971601727,-0.5405592765,-0.9518552444
440,12.6855128,14.68579313,0.003116303979,0.8052145927,0.9421611307,0.07073934999,1.380835858,-0.4414584999,-0.3845354731,-0.908776626,-0.1405951806,0.7461111548
441,12.85070778,13.69980095,3.75545383,1.261176139,0.4302846478,0.08812986219,0.7218367496,0.2667680819,0.5527036569,0.3137340813,-0.3189381564,-0.3142621859
443,13.59574606,14.9236422,4.209847298,1.087757312,0.7487736187,0.3865274056,1.124649889,0.8480043208,-0.2752882529,0.3737483613,-0.5486565953,-0.2575462258
445,13.42569351,14.66603461,8.582248151,1.37928449,0.6882213349,0.320786756,1.441448315,-0.7346533585,0.01558443673,0.2206665407,-0.01876829923,0.5073011119
448,13.60857986,14.71333222,6.38575797,0.8327062833,0.6427200813,0.2626610455,0.972851644,0.5704642658,-0.3593759914,-0.6967823872,-0.1201543418,-0.8579780264
449,12.77760688,13.86725745,0.0445276531,1.221900617,0.331732618,0.1515979696,0.8737161935,-0.2894996246,0.6679959606,0.3147549778,-0.3373180246,-0.6664648289
450,12.59045561,14.4676073,1.762858007,0.4306752863,0.09633638232,0.02683519391,0.6049504952,-0.7463791349,-0.2808733737,-0.2989735714,-0.05027224237,-0.8209898358
453,12.50658396,13.69786845,0.5167236441,1.157405601,0.4562969322,0.1220777819,1.398917389,0.5111178972,0.480006003,0.8104118152,0.06947539673,0.3337572924
456,13.26892135,14.29183327,4.611158788,1.078342591,0.3309181249,0.2648016142,0.9442567338,0.4104339732,0.2198424184,0.9368462761,-0.3133761276,-0.1424791725
457,12.66804419,14.43459537,0.00932648959,0.4710235236,0.1837768404,0.07197790769,1.276553829,0.4988999835,-0.7678162207,0.8501552013,-0.1172964769,0.3957195213
458,13.06885729,13.86790141,0.3585699588,0.9871883076,0.9838227646,0.3337411027,1.379085775,-0.3157133062,-0.4600847046,-0.2687883757,-0.419960078,0.6111927367
459,12.64576632,14.30683595,0.005720678432,1.473027668,0.7893800161,0.1173284898,1.410502033,-0.7070105499,-0.07104904899,-0.9771562414,-0.5387802154,-0.5043676991
460,13.42282366,14.89255459,6.463047443,1.291615662,0.9509607567,0.5154206143,1.055046746,0.3490369421,0.5037688976,-0.9971703376,-0.4374860654,0.1141910242
461,13.56500906,13.68520024,0.8443924246,0.9369390794,0.9850456701,0.5470638392,0.7637664773,0.950812145,-0.8320530616,-0.1566965788,-0.02982141635,0.9425713648
462,13.07934142,13.72865538,7.153246654,1.272986776,0.2808598566,0.4096961965,0.8925666258,0.31268526,0.1916936839,0.174007398,0.009044231869,-0.2824331121
463,12.71679446,14.65981159,2.376165286,1.282067693,0.8812027509,0.09434203653,0.8042066376,-0.5724598242,-0.5268199171,0.3654810681,-0.2976034815,-0.1470382792
464,12.86203256,13.72284525,1.078375039,0.5858248132,0.5318098102,0.03801583854,1.302037353,-0.1333540181,-0.8888393385,-0.3564950824,0.001328553456,-0.135532452
466,12.81337174,14.60998041,0.2790017334,0.7981313874,0.2923338902,0.3282211897,0.7757101182,-0.3987270914,-0.4482251026,-0.5882675979,0.07269185396,-0.6538611343
467,12.85490816,15.05137604,0.1357373705,1.244293307,0.3184995824,0.1787822196,1.424339732,-0.118475748,0.6873712723,-0.8273880627,-0.3591184691,0.5970458099
470,12.78761362,14.27422781,0.09438439417,1.442891816,0.7741625384,0.4210425351,0.5934781345,0.0168545722,0.626440977,0.9036944292,-0.300005085,0.7269931556
472,13.3231686,15.09628951,6.502219676,0.7814612355,0.3553104548,0.4748583493,0.6446249907,-0.1676448148,0.6122298522,0.8019179581,0.112017909,0.9412248576
474,12.67262654,13.97101085,0.004869608955,0.3727154798,0.7752485365,0.07459400937,1.168052259,-0.08208373461,-0.6791196276,0.6063934583,-0.02172055044,-0.4592013611
475,12.88090665,13.63353569,0.5353516463,0.5892577391,0.7691058761,0.3060332507,0.9798212154,0.3165358472,0.5998561643,-0.02605002904,-0.4674346401,0.07489249913
477,13.08378692,14.43652218,8.230913918,1.391941183,0.8569714578,0.2798274314,0.8361226747,0.3256805454,-0.4652979056,-0.6459372495,0.1622447859,0.2072251102
479,12.7949052,14.52911299,0.3817352989,1.165723331,0.9783718651,0.6083770685,1.023576762,0.772002696,0.838914034,0.4137059478,-0.5093458181,-0.7087142084
480,12.59710513,13.62642617,0.1136060205,0.4561710159,0.3795342178,0.219019357,0.6359318453,-0.5908475165,0.7109472258,-0.1440207225,-0.177291126,-0.8926974418
483,12.83604273,13.9939797,0.022043534,0.8213319117,0.5647636909,0.5657266555,0.912909237,0.1458456149,0.1162994291,0.2130122409,-0.1085590315,0.7601051608
484,12.95782124,15.09169756,0.1520593535,1.417306755,0.5310497955,0.2419801547,1.175123155,0.4394908952,-0.6987325527,0.3013747764,-0.5602614593,0.4294825506
486,13.16243378,14.17760092,1.184311758,0.9478372442,0.5666709081,0.05727895095,0.6404601604,-0.04939890011,0.7053010668,0.3524124093,-0.6260105278,0.7590826169
488,12.50987767,14.34595139,0.2939314775,1.099384274,0.08485021858,0.3561434713,1.265703492,-0.4150131759,-0.9340377132,-0.4097680207,0.06771967299,0.2389636269
489,13.52937314,14.79606001,1.042295496,0.8289272863,0.8286340714,0.1238177317,1.167134288,0.4326672897,0.168383511,-0.4592240835,0.08892399269,0.3150852341
490,13.20422592,14.41264081,1.487606882,0.5094588717,0.4140217535,0.06546186021,0.8227700591,0.7666796122,0.5053080362,-0.01050239226,-0.3581617682,-0.5447935586
492,12.63065622,14.00186347,0.002360646969,0.6671786747,0.4642951141,0.03309346392,1.46655225,-0.5917042234,-0.2738990984,0.4700001923,-0.03076336484,0.3110750624
493,12.5767848,15.0794394,0.02237122483,1.149712211,0.5431891715,0.08145595906,1.068910581,0.4096372251,0.7877933485,-0.1369838753,0.07758350579,-0.1928031292
495,12.97512834,13.79239587,0.004976709251,0.4697961207,0.9220432775,0.2493033875,0.9179439572,-0.3467360802,0.5447062164,-0.3870685944,-0.1880209039,0.1794437926
497,12.51076636,14.47732643,0.07861628805,1.302438567,0.4787824623,0.2367804896,1.288130388,0.1106764468,0.3732802428,-0.1034143502,-0.6526019131,0.183174843
498,12.87364408,13.67628149,0.004081620466,1.127392734,0.8891991447,0.5670977894,0.685039804,-0.4523133972,0.7685039876,-0.8250838126,-0.4436079248,0.07570608473
499,12.56458711,15.06732121,0.002453114875,0.7757208882,0.1162243962,0.4381143033,0.9965370275,-0.3324073313,0.2110474865,0.6505154605,-0.2397250268,-0.07071396619
500,12.6411095,14.52139982,0.002818536904,1.002867563,0.7780238289,0.01512776404,1.231780528,-0.1374854622,0.2309109396,0.9122949721,-0.130413719,-0.1328343368
502,12.57976086,14.64557054,7.044997436,1.473663282,0.1261625146,0.1204936384,1.447370607,-0.8962895042,0.5001261874,0.8711096477,-0.1830045604,0.2478742049
503,12.72725798,14.94626955,1.063025557,0.9879589186,0.3961864764,0.4204967904,0.711813146,0.7440984768,-0.7819788281,0.9428062057,-0.5111410333,0.0599308783
504,12.57930341,14.18861857,0.04409558458,1.313732867,0.08778091318,0.06928714193,0.7149772755,0.1922448028,-0.0874747971,-0.7482874945,-0.4921135949,-0.01700111267
505,13.13537328,14.29776235,6.11672105,0.8948797686,0.5129198489,0.1615196244,1.36649461,-0.6798557491,-0.458908254,0.3990955925,-0.2142026135,0.9657158522
508,12.77701778,15.07659189,0.01917653522,0.4376820712,0.383839045,0.4653560541,0.8558387674,-0.2367423132,0.7778213416,0.7150523923,0.1754669424,-0.910049588
509,12.79405071,14.3487783,7.149187192,1.193521242,0.6604226415,0.3963897648,1.242973708,0.9284383868,-0.3368000003,-0.2214541878,-0.3182702845,0.557941555
510,13.47905122,14.46674846,3.316889236,1.309500214,0.4630081147,0.484777263,0.9368478318,0.2861362182,0.778449509,-0.3906940911,-0.5118887849,0.5347538012
511,13.65348453,14.09041005,2.364408983,1.233140002,0.06633801379,0.02448721669,1.164046696,0.6089009024,-0.3611123549,0.8224927719,-0.541661824,0.7501511505
513,12.53284351,14.88202276,0.3084626346,0.8119917014,0.5623767755,0.1997698876,1.145354561,0.9671685583,-0.4004557614,0.8768034898,0.1339706988,-0.5553978174
514,12.76364631,14.06864425,0.8924185425,1.118550432,0.9788512786,0.2372375626,0.8683508152,-0.2993747011,0.3097537324,-0.6798996049,-0.4955330636,0.7500704888
515,13.55781953,13.68515536,1.527753269,1.009431505,0.9382538192,0.405680285,1.288078666,-0.5109270873,0.790214185,0.9492475162,-0.1609843887,-0.1071126047
516,13.27067684,13.62856792,1.166720855,0.908422075,0.09733987376,0.1495412345,0.8351749115,-0.3282498131,0.1042384946,-0.2339343912,-0.5094673164,-0.8059179626
517,12.82194189,14.27899349,0.4148434888,0.3002808136,0.5428753616,0.4413917056,1.165307867,0.6568134517,0.9232244959,0.3795926634,-0.6438852381,0.9182043627
519,13.18832003,13.94348474,5.461931146,1.090492883,0.3050711195,0.169524347,1.218007492,0.441757031,0.8186366049,0.7441919159,-0.4022827199,0.3283306509
520,12.58696151,14.84684261,0.00179262034,1.22979384,0.611335677,0.5098210056,1.241528825,0.6914453296,-0.1127980042,0.6992633006,-0.3662804789,0.6239960204
522,12.67933525,14.21552522,8.574805241,1.387434008,0.8057661602,0.001169731178,1.474516391,-0.5575227997,0.09387464669,-0.8471383539,0.03163934254,-0.7180229088
523,12.84584524,14.31704885,0.001281459284,0.4601779661,0.1671166473,0.02714161986,0.8251789732,-0.6621007499,-0.29283024,0.4091329129,-0.5412848398,-0.4838809225
524,13.59589749,13.6981668,4.987450278,1.118613134,0.5877985033,0.05284615771,1.1952303,0.7297611508,-0.5223805262,-0.2494929658,-0.2897885733,-0.7084690749
525,12.60030397,14.13010524,0.1953190627,0.6410028299,0.6351235504,0.3656122133,0.6848094685,0.9756715131,-0.7650924243,-0.5950488641,-0.2779525515,0.2568293981
528,13.53286329,14.64599874,7.536007485,0.5908994216,0.9622655351,0.08742964352,0.6613036639,0.4471945021,0.1425613509,0.9155497102,-0.5834309985,0.489546465
531,12.59265289,15.0130942,0.001120404323,0.7694987303,0.6177373904,0.5580217128,1.102774241,-0.369338297,-0.7284278719,0.9821765976,-0.3356770007,-0.489530495
533,13.14719949,13.87469714,1.657099173,0.6541238618,0.6202418601,0.456232183,1.204054164,-0.1338414332,0.4014262446,-0.5180162366,-0.007180931517,-0.2902371975
534,13.02306433,14.76151304,0.5166756031,0.4748296607,0.8378099738,0.2401540972,1.086034707,0.6956612086,-0.2919894761,0.503022932,-0.1477951241,-0.2436473564
535,12.63721373,14.96488992,0.4535972072,0.6899297896,0.923318731,0.04449096425,0.8943111602,-0.2012884286,-0.9212975199,-0.7480606345,-0.389711465,0.3587712484
536,12.72126198,14.06682533,0.005037868564,1.034066324,0.4152040367,0.284475741,0.580938955,0.4148207399,0.4735569842,-0.3365450292,-0.2584045335,-0.3692944866
538,12.62543925,14.73297395,0.7139182659,1.348387107,0.5300115367,0.5989345346,1.332474919,0.8758082571,-0.2593612334,-0.293172908,-0.3454486921,-0.7041011281
539,12.65341545,14.4990674,7.808028044,0.6446003344,0.6754646252,0.5197118815,1.054854174,-0.5822588609,-0.7172302526,0.8022567744,-0.2161046204,0.3111945725
540,13.56509616,14.94329927,7.507330937,0.4715151506,0.5635374281,0.5995113897,1.426561444,0.587419253,-0.1674526383,-0.6743068157,0.1838936186,0.3808554527
541,12.79013016,14.54812699,0.8474761407,0.6196841781,0.6743707334,0.2262657303,1.009631873,0.6324694869,0.4454053184,0.6869538095,-0.4147428179,-0.1789368282
542,12.73789535,14.34553318,0.00455742457,1.464800887,0.3644005135,0.4818833595,1.109773451,-0.1517461554,0.4700276961,0.4774762074,-0.6629795568,-0.3627338055
546,12.94362175,15.0451163,4.776753228,0.9260866819,0.7967031775,0.03313009539,0.9828631981,0.2210382253,0.211261029,0.7889193718,-0.1516425201,0.1245108749
550,13.40493686,14.84490749,2.222231856,1.475085091,0.7999803639,0.1478681928,0.5841881794,0.662494615,-0.7937868038,0.0863747061,-0.1231470752,0.3094562018
551,12.72029868,14.30788935,1.258920614,0.4082887612,0.1218387987,0.4774873974,0.6467164595,-0.03853858199,-0.8434420068,-0.8649313669,-0.2686988488,0.6096525458
552,12.68115389,14.03222783,0.00256958807,0.8961329414,0.3541450231,0.01667428382,0.9588799739,0.5548280927,0.2616356315,0.06301105515,0.1091575984,-0.5481968084
554,12.51706344,14.95914849,5.035668,0.338753999,0.1680773176,0.371805153,1.471426903,0.3499857282,-0.7844768691,0.2688375529,0.006420239158,-0.07291929436
555,13.63823712,14.62062653,4.421957705,0.3167798029,0.2516677781,0.2051228619,1.235913793,0.1936244485,0.517500866,0.6511657683,-0.6394832603,-0.4524897394
558,12.90431146,14.17596949,0.04793862852,0.616183406,0.06843853817,0.419082863,0.6225182787,0.4259748259,0.08580805982,0.6420299238,-0.3812722591,-0.5320157191
559,12.93695341,14.71051828,0.3264498741,1.18842685,0.2300393087,0.4096880612,1.2092211,0.1654669423,-0.2266642897,-0.1693725273,-0.07615267343,-0.676018214
560,12.57982234,13.87049914,1.901294642,1.469340017,0.3989586062,0.01370670523,0.6162677708,-0.5368571848,-0.0307368785,-0.4182730075,0.169091568,-0.1434774591
561,12.97730733,14.07119114,2.165149999,0.6575409692,0.1520723249,0.5340774321,1.133481109,-0.4051062086,-0.8337860022,-0.4664484525,-0.6143664277,0.8806074327
562,13.09305562,14.95891707,0.3973324568,0.3589116711,0.6588382524,0.3093222955,1.016414387,-0.3702536064,0.5164672738,-0.5627519345,-0.2886144686,0.8144245047
563,12.94245617,14.14914743,0.001194838675,0.5966390804,0.4633753401,0.1143841171,1.046334037,0.432314338,0.1052485594,0.9316140853,-0.4709101934,-0.6372945602
564,12.72208702,13.9672528,0.009010294779,0.6803411794,0.1514919005,0.2000188892,1.303093093,-0.9032879049,-0.336168065,-0.353674109,-0.2847353043,-0.3330635572
565,12.50951568,13.76629181,0.001644853213,1.32718519,0.8321845513,0.1276652145,1.050761665,-0.2353323929,0.1448794242,0.5773324289,-0.2889568322,0.2732719849
566,12.71533367,14.80294067,4.550801303,1.46794852,0.7871441661,0.2474706708,0.9185916292,-0.7549483612,0.3047423965,-0.2148725734,-0.507156798,0.3956386791
567,12.87692847,13.96411081,1.118086395,0.5527905346,0.2211567029,0.390530939,0.6405864728,0.1807819394,0.7581781873,0.7656328728,-0.2583330025,0.3679847374
569,12.7265917,14.81238472,4.995726929,0.5745883065,0.3017764286,0.1004936517,0.8803900084,-0.9226024628,-0.3202759146,0.9508784078,-0.2310534954,0.6296772661
570,12.74857773,14.01966959,2.636314392,1.372924201,0.5417267857,0.1403680784,0.7124715486,0.7461702296,0.2978833878,-0.1236418858,-0.1749125428,0.2878700555
571,12.65550909,14.16015733,0.1796658254,0.4274081567,0.184106989,0.5539233649,1.421931385,-0.1940288266,-0.5592315483,0.304140749,-0.5207781189,0.6090995743
572,12.86629838,14.73224127,0.007637232147,1.294453484,0.7908398653,0.02036817597,1.331159894,-0.2881521517,-0.2842213826,-0.3407258987,-0.05222041131,0.1286272559
573,13.39880519,14.25310044,3.647580528,1.136928722,0.7877813025,0.456262378,0.9743100393,0.1803035057,0.1325727115,0.01073848147,-0.5021357039,0.07759599994
574,12.71771354,13.95298145,6.451412461,0.7990853991,0.7910818978,0.2050537855,0.6928284675,-0.7568414913,-0.8598190394,-0.28753778,-0.1017323266,0.7551870635
576,12.91994555,14.84930631,5.955224262,0.496286452,0.8609347107,0.04719802912,1.353050271,-0.867813433,-0.06832757382,-0.1403121146,0.1063767859,0.3420897804
577,12.89073594,14.56249799,0.3274850633,1.091283694,0.08908572346,0.4918138402,1.467291729,-0.05627610634,-0.7846187172,-0.2653932061,-0.2167216359,-0.6684938228
579,12.61590173,14.58038595,0.01831626838,1.310454046,0.4909771438,0.2802137286,1.201717485,0.5686987358,0.2422137399,-0.6710943778,-0.3312810516,0.02438063516
583,12.74856397,15.08451111,0.07532158048,1.226562105,0.9171900848,0.08522490384,1.05275529,-0.8034152568,-0.4708782513,-0.706847471,-0.423044713,0.2720449574
584,13.49982555,14.10072231,3.382675634,1.172822934,0.03628218352,0.07436095873,1.019630845,0.2871851275,-0.5634353657,-0.4520610651,-0.2516987958,-0.7314294291
585,12.91315586,14.79334696,0.272437437,0.4908811671,0.5775486436,0.05189103031,1.256777934,-0.7116329698,0.3947863278,-0.5701204629,0.07012392037,-0.008233523807
586,13.59651911,13.92668706,2.744022501,0.5751289746,0.171755896,0.2649098912,1.432716337,-0.3116703527,0.03693826412,-0.5479930415,-0.01475805351,0.2834778855
588,13.06678889,14.03989124,0.006084979441,0.3058446516,0.2636766328,0.6035109082,1.06938033,0.4965934397,-0.7223077301,-0.8853865305,-0.02714147011,-0.6504850516
589,12.52223737,13.81465763,0.03318828922,0.3155591428,0.4876287938,0.1749672353,1.286970728,0.9812380875,0.06215652491,0.5812262416,-0.5563380968,-0.3502954365
590,12.96823383,14.17208219,6.277622778,1.298878345,0.9265490329,0.5507420803,0.7498549338,0.8013735642,0.5906600705,0.969149219,-0.3663049728,0.247128728
591,12.55831969,13.88602122,0.001796102366,0.4466880406,0.4133507423,0.1643818673,1.28003949,0.07322265192,-0.7680338774,0.9898699715,-0.1519949411,-0.5973702004
594,12.993581,14.15021035,0.06025230075,0.3844518148,0.8171298205,0.3733677997,1.384817083,-0.0865835958,0.2605268636,0.1634859642,0.05419805948,0.5200240445
598,12.81487183,14.44596778,0.3915585322,0.5476225924,0.2863802771,0.3547866698,0.841160727,-0.7640997611,-0.5152258082,0.355353236,-0.5151813276,-0.383942638
599,12.65728229,14.88688258,7.729068086,0.4125624083,0.5044660265,0.003453079062,1.334223368,0.2321070548,-0.9099252972,0.5905950075,-0.02848103198,0.8719480209
600,12.6677356,13.64802239,0.04500262449,1.071077349,0.3999501134,0.02077443564,0.7610567456,0.6772636589,-0.3990778873,-0.6900900074,-0.2494488881,0.8366623718
601,12.83200048,14.06320178,0.1318499422,0.8112946794,0.9504646307,0.01471887458,0.6542574148,-0.2312438489,0.6539352253,-0.203277089,-0.5900268722,-0.587051573
604,12.74735455,15.06319008,0.08144950231,0.317934144,0.9132983717,0.01336814847,1.223592414,0.8800022378,-0.6123430087,-0.6194350197,0.04831391657,-0.2833357134
608,12.87013189,14.06330948,0.008807765722,0.7521552744,0.08906166587,0.3682456978,0.6450267363,-0.8117754904,0.5043142602,-0.8605207266,-0.5907174272,0.4692801554
610,13.11936441,13.90197131,0.3937125404,1.315419816,0.4735828997,0.3960203716,0.7756199563,-0.8499018198,-0.9177615854,0.2452955251,-0.10532594,0.7319859273
612,13.68859284,13.6527559,4.11461803,1.142086782,0.2402878868,0.4495538026,1.349544602,-0.1923589171,-0.2636176373,-0.2400517568,-0.6091164189,-0.8580544915
613,12.74946642,13.67183125,0.3846820814,0.7768747749,0.4231954885,0.3290454001,0.7774393912,-0.8822900033,0.2459327709,0.903829896,-0.6652344428,0.5294040826
614,12.77910314,13.91408135,0.0398532033,1.470630664,0.3263673408,0.3659524026,0.944206441,-0.5192066359,-0.3465479751,-0.4014048376,-0.3567304526,-0.5104745411
616,12.75531097,14.95345401,1.692789852,1.405771811,0.207586387,0.3303606374,1.456868783,0.7197940126,-0.007511776925,0.1670554833,-0.03471408201,-0.4246034275
617,12.881537,14.64364605,0.007891172239,1.115739334,0.5890373156,0.1549323529,1.261112217,0.2224888653,0.6737750267,0.9438876494,-0.1446172878,-0.331259436
619,12.62108661,14.97887814,0.00274878053,0.4394487773,0.6144204087,0.04189682697,1.170884036,0.8663370627,0.3679128071,0.4994098794,-0.3067341601,0.8614443522
624,12.54752458,14.86632776,4.877999308,1.011308546,0.5590728716,0.5455913609,0.6567718123,-0.4737665426,-0.3731410518,0.3121909096,0.05964922472,-0.584914325
625,12.63184721,15.00648441,0.003359803274,0.8723300485,0.2107488476,0.5667620263,1.144628296,0.1639085191,-0.9047861255,0.1768679995,-0.5281784604,-0.06019366438
628,13.53359457,14.83768649,4.051800252,1.353006067,0.34968778,0.1598123081,1.387508221,-0.4263218971,0.4868875641,0.7695019254,0.1740622847,0.9307130208
629,13.21236855,14.65533053,0.7243006596,1.467866104,0.933559669,0.0451918042,0.6856607606,0.624485235,0.7734710663,0.2712394314,-0.3352302627,-0.81136452
630,12.55671525,15.01291898,1.275193916,1.176621536,0.2700136246,0.5051147552,0.7906289966,0.09678049266,0.3347070933,0.3801384426,0.09389430324,-0.8713701248
632,13.08901432,14.24760752,3.458633412,0.7388366639,0.04929714907,0.3313886436,0.8777631968,-0.5876379963,-0.08097489358,0.5208011262,-0.5999573849,-0.2671708772
633,12.74072863,13.85681995,0.001191443731,1.347660114,0.6652761734,0.3488976838,0.7198661624,0.04437209958,-0.3715841081,0.6192472188,-0.5540661211,-0.5931171015
634,12.87553658,13.77453,1.783452099,0.913916298,0.6061974488,0.1368378364,0.5931699344,0.4693582819,0.5788096878,0.800802431,-0.4612302435,-0.3531508291
636,12.56418931,14.22553785,5.097108455,1.282516874,0.4362571812,0.1290654007,1.03883405,0.6315126155,-0.2680461922,0.939181702,-0.2050325926,0.1980241783
638,12.77426691,13.87009148,0.03861599795,0.7830771539,0.09600272766,0.4061877672,0.7083902094,0.7160528367,0.7404017892,0.1332511765,0.0819268976,0.5642175953
642,12.79450492,14.16780699,0.1473432733,1.37241678,0.1672941079,0.1649546966,0.7264446343,0.9559462803,-0.7428013051,0.0844751472,-0.2486004783,0.2295809425
643,13.24706878,14.20266823,1.396078172,0.3947232941,0.5149541992,0.09045991688,0.8343247548,0.2153283782,0.8624803005,0.07876411365,-0.3483985425,0.1276670761
644,12.57789319,13.9566474,0.5946902237,0.6373232438,0.8477919236,0.4279683956,0.9699933951,-0.4786082194,0.1143628025,0.6155812488,0.1169448346,-0.5420024713
645,13.25240578,14.38106984,1.873595855,0.4687139505,0.09883400344,0.450662666,1.224145528,-0.5153472696,0.8426811499,0.8845547321,-0.3780577555,0.1243227081
646,12.81982346,14.4596044,0.5167300005,0.403715626,0.7569419054,0.3891980399,0.9704778706,0.894203961,-0.02637138848,0.906094243,-0.6102539596,0.5971722165
647,13.02919511,13.6245481,0.002166382681,0.4855443709,0.01497357747,0.04169003727,1.406641088,0.2306734977,0.232185069,-0.493662466,-0.426081877,-0.8074600245
649,12.6082267,14.90205845,4.081380834,0.8397243585,0.6532908497,0.08559329191,1.078828142,-0.4888016377,0.8171857401,0.1429685854,-0.3342622837,-0.03890191797
652,13.43281002,14.83099172,0.7558062031,0.4284964121,0.8250409073,0.3638281394,1.478008066,-0.5001251891,-0.6393399392,-0.5039896938,-0.06344087384,-0.1488909105
653,13.57728087,13.61425152,0.9781149696,0.3020262745,0.8856825508,0.5892127646,1.269743688,0.4072192166,0.2239652645,0.8297717651,0.02117159049,0.5036519124
655,13.39295046,14.22618905,2.267078453,0.6001928171,0.9452235838,0.4914590389,1.151940175,0.8546960411,-0.1455511045,0.9411044565,0.1444736463,-0.2941394815
656,13.33498199,14.62179056,0.8960629279,0.322960528,0.1009790509,0.2440666405,0.8971646353,0.3094114606,-0.4132121263,-0.7674710383,-0.5099946221,0.4336563344
657,13.08458545,13.98358399,0.9254866737,0.3833111214,0.9684045395,0.4498899918,0.7207461578,0.9420876256,-0.6548967992,-0.4486212159,-0.2863814037,-0.2453078219
658,13.12127955,13.76728804,2.1689189,1.430106663,0.8454202472,0.07064118064,1.196994851,-0.49585594,-0.5167379468,-0.1153509324,0.07700635471,-0.3363775395
662,12.73362284,14.15656668,0.9585539117,1.096171891,0.1659009155,0.5998123267,1.220969131,0.7532241553,0.4143130456,-0.8086016137,-0.1385143761,-0.2006165994
664,12.94373276,14.56224563,0.01485051308,0.3007497865,0.7252218557,0.5779145697,0.7651798945,0.4427808076,-0.8474839435,-0.4773606008,-0.07458316469,-0.08531175625
665,12.65798363,14.3170604,0.002917528698,1.139849903,0.2704275343,0.4847290236,1.045795395,0.6675610604,0.7068695761,-0.0984052396,0.1334556699,-0.8757898902
668,12.50095363,13.83082064,0.04758651383,0.9219380814,0.6003938531,0.3449302486,0.8432621257,-0.6992549417,-0.1940869589,0.209820777,-0.5965392994,0.4576943291
669,13.21297176,13.79371278,0.6988143114,0.9306007365,0.1637118264,0.4368387012,0.9107756834,-0.6132194842,-0.03637945561,0.5741878256,0.09523052584,-0.9088885911
673,13.55692094,14.24293575,1.706515699,1.011583802,0.1925990991,0.2955338706,1.109839513,0.3359132986,-0.6836474859,-0.9187298779,-0.4074205809,-0.5243123105
677,12.55218508,14.88978241,0.01971039708,0.4145845867,0.02717087354,0.330527016,1.100395005,0.1636814624,0.832548347,-0.8092410048,-0.6561989749,-0.7492698184
678,12.82059741,13.97167549,5.17899956,0.6125317733,0.1878090473,0.3329360096,1.224053886,0.5007628802,0.1466253053,0.06382431125,-0.4458688211,0.5780415622
680,12.72811886,13.63051145,3.130279294,0.4957192161,0.8890179046,0.1058225684,1.327477058,-0.8271371208,0.6107466576,0.3022366374,-0.06079741132,-0.3395248889
684,12.5303959,13.9115004,1.700225094,0.8980807558,0.6597619003,0.03788977491,0.6569397905,-0.03215580785,0.3571333104,0.1541474614,0.09771295912,-0.2156918575
685,13.15510485,14.95622676,0.4705013952,1.251112098,0.8888424465,0.1205929932,1.307028352,-0.6915582236,-0.8032307739,0.07948517083,-0.4786942857,0.6769181434
687,13.32169267,14.85973465,1.207690722,0.6845768385,0.2576034093,0.2099799182,0.9474636348,-0.01477847533,0.5329082031,0.4517947336,-0.2331307466,-0.06427820617
688,12.56963228,13.9346552,0.001525070814,1.227193186,0.8499501693,0.4653578228,1.378189325,0.5612960099,-0.4505714926,-0.2266699397,0.03862425865,0.4954099629
689,13.25301131,14.31487301,7.362922083,0.3661140139,0.4135179725,0.03813537181,1.442627743,-0.3880734499,-0.3359758969,-0.4372879458,0.1258449982,-0.5653630342
692,12.52004953,14.4465958,0.004430298031,0.5191354988,0.34526355,0.03788667357,1.313147376,0.183076565,-0.8721002984,0.1033292386,-0.5665162725,0.5749037593
693,13.00584412,14.48298609,1.919776206,0.5621365375,0.9158607905,0.5411416478,0.6237026602,-0.9560957045,-0.590209134,0.1812333666,-0.2944934359,0.01750780315
694,12.8178628,14.25512215,3.071986856,0.3089337385,0.6471552219,0.2725673594,1.431355432,0.9465264359,-0.2985620679,-0.8379634964,-0.4974748431,-0.7211596259
698,12.71507267,13.99919997,0.8791468497,1.063208944,0.2841688625,0.1959712153,0.8209363933,0.8517966934,0.1570664057,-0.134536487,0.006280573967,-0.1221609895
699,12.88006417,14.38206418,0.008839577122,0.6885565791,0.5551227259,0.5507693374,1.281734993,0.1163853349,0.1280049832,-0.4491835079,-0.3373217515,-0.4755367565
700,12.86312678,14.25445871,0.04079916472,1.054351314,0.8200512062,0.3837712289,1.059466581,0.7508457989,0.2322296666,0.0503237098,0.03755116167,-0.01220687181
701,12.74213284,14.03568575,1.230567303,0.4382941412,0.6974204637,0.5301533333,1.450732856,-0.8707550976,-0.6162250833,0.4012674605,-0.1990576257,0.9654370004
702,12.5889305,14.86895942,0.03752608869,1.342249651,0.2446389793,0.05180030473,1.058434642,0.278122568,-0.7270986113,-0.4025407858,-0.02169844748,-0.8665354799
703,12.59085862,14.81860864,0.0079953422,0.482794613,0.3230878115,0.4058775136,0.5934100121,-0.08061007158,0.7156446153,-0.7010167432,0.0579095033,-0.3424814421
705,12.76245857,14.71901528,0.2092962598,0.7968771019,0.8670979808,0.18283029,0.7433964288,-0.03302389382,-0.7591207393,-0.4526110443,0.1705989729,-0.7067993891
706,12.53449788,14.52891362,5.787985236,0.5234752537,0.751924526,0.1384232992,1.353558155,0.8155273007,-0.4201622062,0.7764648337,-0.3391943241,-0.6164100348
707,13.267558,14.26766567,3.941691279,0.3887630425,0.7820723408,0.5899665933,1.09619371,0.7862494893,-0.2067201257,-0.7303382933,0.09049466931,-0.06385950186
708,12.7294256,14.19208569,0.002369665928,1.204769873,0.9834187409,0.09363849603,0.6139278954,0.1311258911,0.001780914636,0.6415708917,-0.2567389507,-0.7186132746
709,13.23526969,14.90874841,3.116976181,0.6849786206,0.5978742092,0.1465314431,0.6416829624,-0.4920687177,0.2923007925,0.3724317013,-0.05877971431,0.9523318521
711,13.25788053,14.99081544,1.182333547,0.5606657419,0.07109993566,0.2738340925,1.142170477,-0.1854571027,0.5067285756,-0.4358469368,-0.271027335,-0.8595734412
712,12.53111787,14.9305283,0.298698932,0.9350431045,0.118272559,0.4862723658,1.477646541,0.2416791653,-0.004562476334,0.5888240315,0.07270860745,0.3264891358
713,12.56858734,13.64311693,0.008074535576,0.3718495616,0.391057111,0.02244010581,1.281847654,-0.7262399734,0.1148992485,0.07161903493,-0.5453212832,0.4789682288
715,12.75359492,14.77338198,0.003112392631,1.306690237,0.8171727015,0.4476519563,1.296714278,0.2453252584,-0.8343627109,0.3225971629,0.0240356145,0.6688199519
717,12.80433002,14.6509285,0.002193657112,0.4934236645,0.5262945502,0.1538354869,0.6287612715,-0.2508274319,-0.09371638192,0.7993521807,-0.3461383257,-0.2889871994
718,12.93370087,13.81619529,0.01073071061,0.3461316368,0.09143905657,0.1082106846,0.7297329551,0.3624732871,-0.4484115172,0.6854745191,-0.5203799314,-0.7425696848
720,12.53528629,14.10833497,0.004067365614,0.3019193429,0.5123222415,0.129495962,1.147595993,-0.3044820983,0.265548646,0.4530132326,0.1502671841,-0.8451248658
721,12.8478948,13.96504656,0.03143897842,1.269828831,0.968764445,0.142145369,0.6660299457,-0.3510406625,-0.5514741019,-0.5911344163,-0.2965746103,0.1647137804
726,12.57081754,14.57582963,0.003565919081,0.4018598877,0.7719472416,0.4965206967,1.401268354,-0.6409583178,0.2705891937,-0.416825522,-0.2198099947,-0.6284412345
727,12.60207331,14.4087229,0.0857739485,1.228767387,0.7795255793,0.5493004548,1.126954774,-0.5841489737,-0.7300163534,-0.8277114006,-0.1434961285,0.430692081
728,12.94949765,13.68143356,0.005706521742,0.619437082,0.4342351155,0.1465099003,0.5903637494,0.9494312275,0.2261527307,0.7088157347,-0.2755855355,0.5785424778
729,13.02665625,13.87989717,0.03354874949,0.7825097523,0.4403020525,0.4342893084,1.027190188,0.2070355519,0.1023460613,0.4430301795,-0.5305645218,-0.8303247473
730,13.59278814,13.83494467,2.115754248,0.5393826996,0.120026505,0.1920721251,1.254847542,-0.2886315972,0.07806989402,-0.6062816495,0.1809006146,-0.8517750809
732,12.6852609,13.83310818,0.002947509534,0.4189245716,0.8826674402,0.4625927864,1.334848452,-0.4759904296,0.8563427113,-0.1325690469,-0.0004601170749,-0.8088666195
736,12.70186323,13.73323086,0.2202519918,0.7148443079,0.5908896449,0.3202222664,0.7046544099,0.0503415964,-0.8825929019,0.4865320957,-0.07543614454,-0.6990722031
738,12.88846657,14.14302787,0.0234938186,1.092427488,0.8429860095,0.1107278354,1.264343815,-0.5176092479,0.790886418,-0.356764577,-0.05564123347,0.6817455156
739,13.0077989,13.86980616,4.751688164,0.9112707689,0.8731254783,0.0342655863,1.39411951,0.7047917663,0.159909331,-0.5326726893,-0.07110917744,-0.6334259727
740,12.87611261,14.15051749,0.4587962751,0.402427262,0.1883930993,0.2967837912,0.7573225064,-0.7241877608,0.2981506734,0.3042438503,0.03733684526,0.8279123354
741,13.05816863,14.33834188,2.39686479,1.429949133,0.1836264792,0.3374493908,1.301912051,-0.647723142,-0.1710659918,0.5547612528,-0.2994226984,0.7604443537
743,12.9546077,14.07905897,0.007799903909,0.8598369139,0.1467241843,0.3755779408,1.283512155,-0.8898307838,-0.01037701329,-0.3673904913,-0.1883197799,-0.9101215985
750,12.98127448,14.62299956,4.130950608,0.5646712156,0.1838045915,0.2629322429,1.245223978,-0.8110067395,-0.9499318963,0.04074848533,-0.2817927932,0.8963034937
751,12.63534779,13.82400222,0.02883307547,1.181965891,0.7556699682,0.03882279285,1.245165102,0.2043797777,0.2223770533,-0.698749852,-0.1790798756,-0.4510675723
753,12.52075615,14.23971107,0.02188508906,0.3916309719,0.7345221721,0.4709612063,0.8841500534,0.8632553199,-0.7801350806,0.2194646733,-0.0277360022,0.2100387209
755,13.40167434,14.46974741,8.046955395,0.8520356645,0.550011277,0.2298057273,1.258414253,0.9229972131,-0.7016453821,-0.1938114893,-0.1416398329,-0.1046456625
756,12.54321457,13.98697523,1.966057445,0.6522640118,0.02092420366,0.3089839043,0.6630905231,-0.5459535781,0.386353049,0.4710129239,0.01866810634,-0.6227938531
760,13.50626556,14.77254371,1.903112179,1.141090525,0.1134866125,0.1370156915,0.8366489508,0.04772052545,0.6458083795,0.3872556856,-0.624163085,-0.5300804204
761,13.01142763,14.76526258,0.6041440891,0.6387714676,0.4658857598,0.5290945298,1.406582166,-0.4826283359,0.8559297362,0.6166736391,-0.1731833713,-0.6883850665
765,12.60087402,14.14243848,0.2070229454,0.7449416758,0.5743390452,0.191095688,0.7266760526,0.7847263244,0.5284375482,-0.1558148801,-0.5249337817,0.02439713048
766,12.60569424,14.64213875,0.05555461357,1.229047187,0.9492391742,0.5867307579,0.7876612555,0.6192587421,-0.7592312681,-0.8258444143,-0.4067204915,0.5701730044
767,12.8900585,14.47190772,0.8221001069,1.323125841,0.1969975408,0.1385029631,1.213958689,-0.1637188727,0.6635142146,0.8828635169,-0.3112451669,0.929879694
768,13.02039181,14.32424565,0.3638845452,1.362543152,0.6094440951,0.01380073266,1.209204791,-0.6891239998,-0.7894113839,0.7225000498,0.1520467675,-0.3521695218
769,12.99314597,14.44375993,7.250905765,0.916514652,0.8273952172,0.5484048146,0.655587238,-0.9070477832,-0.7780221499,-0.9922641065,-0.3071315459,-0.741614419
771,12.80936228,14.31610648,1.042585937,1.213574612,0.810055535,0.2937094408,0.6758613631,-0.9031996269,0.174406186,0.4992487669,-0.3585605534,0.6387659236
775,12.5982412,14.98288078,8.512206665,1.458741838,0.4814611613,0.03537719253,1.274704434,0.3235890126,0.4153728686,0.1697761729,-0.304671637,-0.2842816723
776,12.63431466,14.46062393,7.099086517,1.475686266,0.4349892919,0.2158322015,1.230435903,-0.8633659642,-0.9265461235,-0.9694481649,-0.6136280354,0.06727116631
778,12.66033716,14.24735959,5.636195428,0.4983336044,0.1090791623,0.5944854384,0.831503704,0.37580216,0.7525791732,0.3592770175,0.0405070734,0.6974078426
780,13.34469577,13.74674736,4.342458994,1.062826748,0.845110062,0.4232795697,0.666498027,0.9833597222,-0.4432384337,0.1977621449,-0.4598899698,-0.8892098329
781,12.73017521,14.05353387,2.325141067,0.8798487624,0.7322075918,0.4564214968,1.083894588,-0.2647683471,-0.06658227579,0.4426817767,-0.2626950465,0.0119412499
782,12.60623633,13.88703925,1.190729997,1.147454691,0.4901077588,0.2484376954,1.076113349,-0.4173973233,-0.1890523441,0.1959774382,0.120961069,-0.3237430406
783,12.57480394,14.53450355,3.283433022,0.7129306088,0.573103201,0.03884314951,1.320335658,0.5942465885,0.7754746807,-0.06087900192,-0.08273282153,-0.4504771916
785,13.06554246,13.67459533,0.001317709387,0.7521006674,0.5339654353,0.2989720642,0.7375366034,-0.377442649,-0.8076479645,-0.5883765996,-0.5382921266,-0.1072844515
788,13.12354161,14.04478533,1.583779929,1.138850366,0.6214281376,0.507781221,0.5892380352,0.953744441,-0.2129025214,-0.5787910552,-0.3181157338,0.211603598
790,12.71132453,14.48745389,0.006176542207,0.9019568803,0.2339107553,0.427413076,1.236660774,-0.06674219671,-0.2387700536,0.9071312567,-0.2412885433,-0.05204408228
792,12.92240382,14.33656394,0.01586796554,0.3610196336,0.9624506641,0.2544542362,0.8026317961,0.4994367684,-0.6598988628,0.3052636515,-0.5950885152,-0.1284276289
793,13.46411729,14.04334152,1.068176878,0.5670417777,0.8975652551,0.4173251071,1.073792388,0.5093972098,-0.08306228147,0.4372598384,-0.311457639,0.2775298716
794,12.53722471,14.9306537,0.05463869603,0.7439241427,0.6791766154,0.435442315,1.475189291,0.2222901519,-0.1635126648,-0.3873587458,-0.4509195372,0.5322080975
795,12.72693826,15.06783727,4.974708974,1.477866594,0.1132917663,0.1277575629,0.9352017848,0.3067029165,0.8963451261,0.2689712467,-0.3128764192,-0.2513592927
798,12.71825709,13.92454045,0.04756097128,1.086702563,0.1982015801,0.0489961662,0.8872259834,-0.2658016103,0.1438529324,-0.5744438958,0.1005207593,0.4375859538
799,12.50639717,14.98564914,1.930484858,0.8364092299,0.9665191327,0.1399031645,1.164071868,-0.1320829348,0.5470583385,0.1738878704,0.1535213656,-0.7558474037
802,12.93910272,13.7950213,0.01691674549,0.6434073249,0.8373414245,0.329553621,1.157697022,-0.1050237402,-0.5774654053,0.2815290082,0.09611078279,-0.952154867
803,12.88774049,15.0599814,2.231961293,1.30960473,0.8657849431,0.5666983261,0.855358954,-0.2951786394,0.2891174699,-0.113919329,0.1046724305,0.7584078378
805,12.61371626,14.07728396,0.2942172901,1.47484868,0.6657196569,0.3280810719,1.167833575,0.484615412,-0.3412110775,-0.1401470924,-0.4824385355,0.1605098768
806,12.64469318,14.99845733,0.01504018511,0.829543286,0.1540857496,0.2346657913,0.9170915514,-0.01400680582,-0.2702446568,-0.9176297149,-0.3680527645,0.861501891
807,12.82935651,14.75092977,1.287451437,1.29261225,0.5093919626,0.1744333899,1.002762251,0.7651523338,-0.7767028693,-0.6073646064,-0.1401444816,0.8818097765
808,12.83836442,14.40526589,0.05536072003,0.6538543813,0.2140526116,0.04457005234,0.828899122,0.9844512695,0.8655653609,0.1764025946,-0.09149291223,-0.4490521049
809,13.18316693,14.67439485,5.291476868,1.346100812,0.3962326105,0.1333058953,1.100324889,-0.5767719415,0.6846273591,-0.94749821,-0.387988438,-0.3898739891
811,12.51084564,14.11667233,1.421108349,1.27466754,0.4077241674,0.3409221987,0.9861468384,0.9670690406,0.6514473195,-0.6545351401,0.06212198098,-0.9183840489
813,12.64752018,14.4047911,0.8249114091,0.3987461416,0.6608351684,0.5848007231,1.206626682,0.3034886353,0.5237584904,0.206004866,-0.4985968259,-0.6787722508
816,13.63337922,14.95328043,2.847860291,1.387932294,0.8198565979,0.5552843687,0.7222668897,-0.5039351882,-0.6086705999,-0.7812816442,-0.5301891336,0.5505191816
818,13.40174242,13.84297026,8.754933901,0.5557094331,0.8616506484,0.3796196306,0.9295404299,-0.7933300022,0.3344713564,-0.6011922669,-0.04647511875,0.8018180224
820,12.56664457,14.98987853,3.904870163,1.339509706,0.2706423385,0.5882336401,1.095710149,-0.2776974275,0.6708022433,-0.7637793233,-0.05167682231,0.4560436044
821,12.5903345,14.05785248,7.123909946,1.342458131,0.5800699485,0.003104865002,1.281614204,0.6847337342,-0.7508989567,-0.3756094917,-0.3808800001,0.744196812
822,12.92814783,14.04460567,0.1800358806,1.144717779,0.2069639579,0.540193966,1.090875612,0.7894626416,0.3555107501,0.2853568302,-0.4971702659,0.1743473145
823,12.5255465,14.13485013,0.2869487273,1.298480604,0.2453379495,0.03868365725,1.466443787,-0.3889063797,-0.2063330155,-0.2191195164,-0.304030136,-0.03547159164
825,12.56637858,14.42402489,1.381426398,0.7777995761,0.6235570687,0.0932913249,1.216444279,-0.1614922028,0.1147919845,0.5489146618,-0.5954254315,0.5531370355
826,12.69921254,14.81388383,0.002231620389,0.7035359902,0.741138526,0.3669887825,1.254254662,0.6976372067,0.7188966717,-0.4512177591,-0.07647853941,-0.6002799406
831,13.24007047,13.62556611,2.043997811,1.392929684,0.0024865249,0.03335438278,1.259597156,0.2385061851,-0.9249792122,0.4811726948,-0.5985239314,0.6509509929
832,12.75947751,13.62188495,0.06605813207,1.251997404,0.3427045094,0.5061461527,0.9474388154,0.6570416862,-0.4394277385,0.9533708245,-0.6072740352,-0.5239610756
834,13.22394747,13.80354216,0.7833373506,0.4046375635,0.7035493629,0.5318811738,1.259774181,-0.910536199,-0.1397721196,0.5842429816,0.05023591343,-0.5320518924
835,12.88902027,14.90842604,0.01084978942,0.7560210711,0.7865233756,0.1846224748,0.9046097682,-0.9080090932,0.8440694376,0.2550737066,-0.4877914215,0.5378443003
836,13.33197196,13.98772912,2.652919895,1.34683239,0.6462960465,0.005414447682,1.377570782,0.7090750519,0.1540350203,-0.2597349146,-0.2637166439,0.08632084051
837,13.59449741,14.38572149,1.714304015,0.7823583781,0.3131402406,0.003821295252,1.021806201,-0.1652678089,-0.9451478275,0.471644683,-0.2597585943,-0.7739330305
839,13.0368281,13.69790773,6.106619158,0.5354887086,0.2276520207,0.4300100406,1.312793715,-0.1572669968,0.2054296744,0.7088795579,-0.4557525528,0.9425485524
840,13.02931164,13.75594056,1.117020566,0.7117432319,0.2381534027,0.4131592898,1.364702671,0.867328815,-0.2995774994,-0.1331858709,0.01603549633,0.9422638752
842,12.64137485,14.78609862,0.01138690707,1.287937062,0.04700373124,0.1816669057,1.270803877,0.8523077475,0.3932845627,0.3896253068,-0.2948403723,-0.2068826681
844,12.51734263,14.24219493,0.005392416923,0.5281170692,0.9788415313,0.2077063844,0.960963049,-0.9092034276,-0.06033380816,0.1210875436,-0.5178545572,0.0603365597
846,12.64369082,14.5474346,1.68443276,0.467204255,0.6153502776,0.01504646317,1.159051502,-0.3265437754,-0.149018097,-0.8269926989,0.0973055871,-0.09303267807
847,13.00514359,14.99701323,1.653510398,0.321552801,0.04287233941,0.4775709214,1.407286678,0.06620748583,-0.7076123391,0.9566986211,-0.5622183919,-0.3584787158
849,12.98817913,14.03382423,0.002082441954,0.6886215554,0.06482120642,0.4699316689,0.9514627285,0.8928533233,-0.5595993456,0.7401882958,-0.6017997578,0.8259315208
852,12.88552557,14.28889958,0.4156476627,1.269666526,0.08599731357,0.2164677008,0.7015216847,-0.3735747478,-0.2325045396,-0.735300254,-0.2672134919,-0.2108190966
