kind,label,g3_alone,g4_alone,g3_add,g4_add,nb,randleg,sig_lnwb_add,sig_lnwc_add,sig_ns_add,sig_lns8_add
pair,xrQ1+xrQ4,10.0386,9.3413,55.8406,64.6255,90,1,1.8447e-04,4.3205e-04,3.7105e-03,1.0023e-02
pair,xdQ1+xrQ4,9.7588,9.6836,44.5802,59.0229,90,1,2.1510e-04,5.6447e-04,3.6028e-03,8.7869e-03
pair,xdQ4+xrQ4,8.5135,9.6718,43.3477,60.3018,90,1,1.9285e-04,5.4020e-04,3.1847e-03,8.5385e-03
pair,rQ4+xrQ1,10.8293,9.3326,34.5998,41.7994,90,1,2.0168e-04,4.3861e-04,4.4291e-03,9.7875e-03
pair,dQ4+xrQ4,7.5871,8.4930,33.7811,48.8033,90,1,2.2126e-04,6.0631e-04,3.2454e-03,8.4127e-03
pair,dQ1+xrQ4,7.9079,7.7921,33.7128,43.3976,90,1,2.5490e-04,7.1845e-04,3.6940e-03,9.1523e-03
pair,rQ4+xdQ4,5.9505,6.8251,31.6380,44.3771,90,1,2.0042e-04,6.0673e-04,3.5060e-03,8.8187e-03
pair,xdQ2+xrQ4,9.5026,9.2901,30.9051,41.0732,90,1,2.5595e-04,6.9227e-04,3.5208e-03,9.3946e-03
pair,rQ4+xdQ1,5.3980,5.1092,30.0985,40.3420,90,1,2.2217e-04,6.0599e-04,3.8467e-03,8.9320e-03
pair,xrQ2+xrQ4,6.6245,6.4134,27.9100,34.5230,90,1,2.4096e-04,6.6213e-04,4.4554e-03,1.0102e-02
pair,xrQ3+xrQ4,5.3091,5.9217,27.3602,39.0724,90,1,2.8289e-04,6.1275e-04,3.6297e-03,8.3366e-03
pair,rQ1+xrQ4,6.9739,6.3546,27.2956,34.1980,90,1,2.6170e-04,7.7889e-04,4.2950e-03,9.8926e-03
pair,dQ2+xrQ4,7.7539,7.5336,26.9251,36.7441,90,1,2.8911e-04,7.2703e-04,3.6721e-03,9.2916e-03
pair,dQ4+rQ4,4.6623,4.8885,26.6126,38.5690,90,1,2.2382e-04,6.6452e-04,3.6605e-03,8.7133e-03
pair,rQ3+xrQ4,4.3753,4.1893,24.9960,31.9724,90,1,2.8168e-04,6.5639e-04,4.1929e-03,9.8879e-03
pair,rQ2+xrQ4,5.1173,4.4020,24.5835,29.8234,90,1,2.2760e-04,6.6389e-04,4.0708e-03,9.6827e-03
pair,xdQ3+xrQ4,11.8141,14.4695,23.5207,38.6913,90,1,3.0079e-04,7.4351e-04,3.6028e-03,7.8976e-03
pair,dQ3+xrQ4,7.6551,9.3617,22.7794,38.4632,90,1,3.0645e-04,7.7233e-04,3.7437e-03,7.4362e-03
pair,dQ1+rQ4,3.7550,3.2679,22.1105,28.5728,90,1,2.7223e-04,8.0907e-04,3.7944e-03,9.4019e-03
pair,rQ4+xdQ2,6.9973,7.2642,21.4747,29.9680,90,1,2.6313e-04,7.7438e-04,3.8199e-03,9.2630e-03
pair,rQ4+xrQ4,6.7224,6.2317,20.2084,24.5189,90,1,3.1655e-04,8.3369e-04,4.4204e-03,9.8323e-03
pair,rQ1+rQ4,3.7632,3.0564,19.7070,23.8732,90,1,2.6720e-04,7.6220e-04,4.8215e-03,1.0331e-02
pair,rQ4+xrQ2,4.6115,4.1527,19.3856,24.0089,90,1,2.4496e-04,6.8454e-04,5.2493e-03,9.9641e-03
pair,xrQ1+xrQ3,3.7753,3.1891,19.3129,28.4021,90,1,1.9643e-04,4.2402e-04,6.1367e-03,8.7617e-03
pair,dQ1+xrQ1,8.0735,5.8208,19.1390,24.4611,90,1,3.2912e-04,4.3337e-04,5.6442e-03,9.1873e-03
pair,dQ2+rQ4,4.9745,4.6714,18.8321,26.7358,90,1,2.9060e-04,8.0101e-04,4.1840e-03,9.1239e-03
pair,rQ4+xrQ3,4.2818,3.8762,18.1155,25.3482,90,1,2.8483e-04,6.6076e-04,4.4230e-03,8.9029e-03
pair,xdQ1+xrQ3,3.3231,3.4209,17.8427,26.5551,90,1,2.1297e-04,6.7718e-04,5.0388e-03,8.8866e-03
pair,rQ2+rQ4,3.8715,2.9916,17.5305,21.3846,90,1,2.3723e-04,7.1458e-04,4.3310e-03,9.9587e-03
pair,rQ3+rQ4,3.2017,2.7199,17.2003,22.1985,90,1,2.7551e-04,6.9048e-04,5.0347e-03,9.9451e-03
pair,xdQ3+xrQ1,6.9332,7.9066,17.1611,28.6280,90,1,3.2962e-04,4.1834e-04,5.3667e-03,7.6339e-03
pair,xdQ4+xrQ1,5.8338,6.6631,17.1595,24.0221,90,1,2.6436e-04,4.5238e-04,6.4173e-03,8.5466e-03
pair,rQ4+xdQ3,7.7434,9.6886,17.0682,28.0150,90,1,3.0339e-04,8.3485e-04,3.8950e-03,7.9570e-03
pair,xdQ1+xrQ1,6.7041,4.9199,16.5946,21.6076,90,1,2.9984e-04,4.6290e-04,6.3756e-03,9.0861e-03
pair,xdQ4+xrQ3,4.9915,6.9428,16.2671,25.1957,90,1,1.9034e-04,6.9917e-04,4.8903e-03,8.6235e-03
pair,dQ3+rQ4,5.7016,6.3025,16.1694,27.6348,90,1,3.0509e-04,8.4387e-04,4.0937e-03,7.4093e-03
pair,dQ4+xrQ1,5.1787,5.6655,15.2233,22.2239,90,1,2.7013e-04,4.6915e-04,6.3816e-03,8.2893e-03
pair,rQ1+xrQ1,4.0195,2.4752,15.1005,18.5888,90,1,3.1835e-04,4.6250e-04,5.9031e-03,9.9245e-03
pair,dQ1+xrQ3,2.2233,1.6911,15.0363,22.1186,90,1,2.3161e-04,7.5201e-04,4.8150e-03,8.9019e-03
pair,dQ1+xdQ1,4.3950,4.5230,14.0008,26.3845,90,0,2.8426e-04,6.0434e-04,6.0333e-03,7.4759e-03
pair,dQ3+xrQ1,5.0749,4.9111,13.9327,23.5994,90,1,3.4144e-04,4.4010e-04,6.0370e-03,7.2716e-03
pair,xdQ2+xrQ1,6.3247,5.9989,13.9007,18.8408,90,1,2.9753e-04,4.4924e-04,6.2733e-03,8.8450e-03
pair,dQ2+xrQ1,5.2156,4.1629,13.4139,18.5773,90,1,2.9189e-04,4.7056e-04,5.7840e-03,8.6035e-03
pair,rQ1+xrQ3,2.7968,1.7489,13.2674,18.5880,90,1,2.1796e-04,6.3754e-04,6.2566e-03,8.7478e-03
pair,dQ4+xrQ3,4.3177,5.6701,12.8668,20.6148,90,1,2.1549e-04,7.5076e-04,5.0221e-03,8.5478e-03
pair,dQ2+xdQ1,2.7432,2.3240,12.8392,21.5043,90,0,2.4638e-04,7.0608e-04,4.9310e-03,7.7583e-03
pair,xrQ1+xrQ2,3.0783,2.1073,12.3984,15.2305,90,1,3.2424e-04,5.1678e-04,6.5418e-03,9.7834e-03
pair,xdQ3+xdQ4,3.3152,4.3980,12.2303,23.6025,90,0,2.6377e-04,6.4344e-04,5.0365e-03,6.6952e-03
single,xrQ4,1.5937,1.2936,12.1775,13.4754,60,1,3.8985e-04,9.9930e-04,5.2517e-03,1.1121e-02
pair,rQ3+xrQ1,2.7434,1.9576,11.8934,15.5200,90,1,3.1665e-04,4.6337e-04,6.8124e-03,9.4223e-03
pair,xdQ2+xrQ3,2.6218,2.7440,11.7727,18.5550,90,1,2.1900e-04,8.1869e-04,5.4429e-03,8.8000e-03
pair,xdQ1+xrQ2,3.3063,2.5356,11.6106,15.9771,90,1,2.9261e-04,6.0405e-04,5.9718e-03,9.6175e-03
pair,xdQ1+xdQ2,3.0928,3.4652,11.4311,24.5969,90,0,2.6019e-04,6.5042e-04,5.7583e-03,6.0472e-03
pair,xdQ4+xrQ2,2.8329,3.4259,11.2179,17.8261,90,1,2.6963e-04,6.7072e-04,5.7559e-03,9.2525e-03
pair,xdQ1+xdQ3,4.7409,5.8695,11.0050,22.2652,90,0,2.6756e-04,7.2776e-04,5.3532e-03,6.6669e-03
pair,rQ2+xrQ1,2.6323,1.7229,10.9603,13.5123,90,1,3.4716e-04,5.1577e-04,6.8811e-03,9.7302e-03
pair,rQ1+xdQ1,2.8194,2.0683,10.9338,14.3387,90,1,2.7702e-04,4.9625e-04,7.3582e-03,9.4037e-03
pair,dQ1+xdQ4,3.5404,4.1087,10.8392,23.5111,90,0,2.8088e-04,6.3165e-04,6.3184e-03,7.1350e-03
pair,rQ1+xdQ4,3.7125,4.2428,10.5588,14.9095,90,1,2.7225e-04,5.1244e-04,7.5317e-03,8.9582e-03
pair,dQ4+xdQ3,3.2890,4.4424,10.2824,19.9938,90,0,2.7712e-04,7.3174e-04,5.0464e-03,6.9358e-03
pair,dQ2+xdQ4,3.1267,3.8585,9.9972,14.1577,90,0,2.3947e-04,7.9620e-04,4.9854e-03,9.1587e-03
pair,dQ4+xrQ2,2.9778,3.5305,9.9313,16.2854,90,1,2.7811e-04,7.2707e-04,5.8913e-03,9.3329e-03
pair,dQ1+dQ4,2.7672,2.9630,9.7268,20.3691,90,0,2.9564e-04,7.2709e-04,6.1060e-03,7.5896e-03
pair,dQ1+xrQ2,3.0386,2.0984,9.7018,12.7007,90,1,3.3885e-04,6.7469e-04,6.0311e-03,1.0258e-02
pair,dQ2+xrQ3,1.5432,1.1548,9.6627,15.0405,90,1,2.5192e-04,8.3549e-04,5.4865e-03,8.7197e-03
pair,dQ2+rQ1,1.7862,1.0126,9.6566,13.3092,90,1,2.8210e-04,6.9184e-04,6.2784e-03,9.7980e-03
pair,dQ3+xdQ4,2.1103,2.7742,9.4749,17.3866,90,0,2.7647e-04,7.0588e-04,6.1725e-03,6.8263e-03
pair,dQ1+rQ1,2.1157,1.0824,9.4426,11.9195,90,1,3.0445e-04,5.8508e-04,6.4931e-03,9.9709e-03
pair,dQ4+rQ1,3.1253,3.2549,9.4303,13.9213,90,1,2.7253e-04,5.7993e-04,7.4553e-03,8.8569e-03
pair,xdQ1+xdQ4,4.4320,5.2124,9.3306,18.3323,90,0,2.7198e-04,6.8876e-04,6.7750e-03,6.9941e-03
pair,dQ4+xdQ4,2.8360,3.9574,8.9680,15.1901,90,0,2.9083e-04,7.4036e-04,5.9479e-03,8.4579e-03
pair,dQ1+dQ2,1.7750,1.2187,8.8845,16.1830,90,0,3.1961e-04,9.0007e-04,5.1230e-03,8.2721e-03
pair,dQ4+xdQ1,3.5305,3.9919,8.8739,16.9717,90,0,2.7278e-04,7.3772e-04,6.5555e-03,7.4667e-03
pair,dQ3+xdQ1,3.2905,3.2678,8.8535,15.8779,90,0,2.8776e-04,7.7106e-04,6.2047e-03,7.2568e-03
pair,xdQ2+xdQ4,3.5755,4.5172,8.8176,12.5442,90,0,2.5987e-04,7.5551e-04,5.7171e-03,8.6915e-03
pair,dQ1+xdQ3,3.6213,4.4778,8.8080,18.3796,90,0,3.3616e-04,9.0614e-04,4.9263e-03,7.1182e-03
single,rQ4,0.8738,0.6210,8.6269,9.9169,60,1,3.7706e-04,1.0449e-03,6.1238e-03,1.0691e-02
pair,rQ1+xdQ2,2.0347,1.7206,8.4968,11.5628,90,1,2.9827e-04,6.8021e-04,6.9215e-03,9.9099e-03
pair,xdQ3+xrQ3,4.4085,6.1850,8.4958,15.0179,90,1,3.2991e-04,8.1664e-04,4.9613e-03,7.4534e-03
pair,rQ3+xdQ1,2.1681,1.8788,8.4578,11.9223,90,1,2.7486e-04,6.4198e-04,7.3489e-03,9.4596e-03
pair,dQ3+xrQ3,3.7497,4.2438,8.4231,14.8171,90,1,3.2510e-04,8.2761e-04,5.4740e-03,7.3435e-03
pair,rQ2+xrQ3,1.9011,1.1548,8.3428,11.3353,90,1,2.6062e-04,6.6153e-04,6.4200e-03,9.4699e-03
pair,dQ1+xdQ2,2.4058,2.7776,8.2877,18.0810,90,0,3.2456e-04,8.3389e-04,6.0161e-03,7.4103e-03
pair,xdQ2+xrQ2,3.9708,4.0042,8.2784,12.9232,90,1,3.1284e-04,7.1023e-04,5.9177e-03,1.0119e-02
pair,xrQ2+xrQ3,2.4439,1.7854,8.2651,11.6439,90,1,2.7750e-04,6.6354e-04,6.6275e-03,9.5337e-03
pair,dQ2+xrQ2,2.9880,2.1605,8.2183,12.4763,90,1,3.0406e-04,6.9029e-04,5.8332e-03,1.0023e-02
pair,rQ1+xrQ2,2.3362,1.3362,8.1798,10.1377,90,1,3.1110e-04,7.5392e-04,6.6182e-03,1.0982e-02
pair,rQ1+xdQ3,3.8715,4.6616,8.0750,13.3447,90,1,3.1874e-04,7.5835e-04,6.1736e-03,8.3074e-03
pair,dQ2+dQ4,2.4999,2.9722,8.0684,11.9610,90,0,2.7015e-04,8.6851e-04,5.0448e-03,9.0932e-03
pair,dQ3+rQ1,2.7323,2.6199,8.0606,13.4637,90,1,3.1634e-04,7.0754e-04,7.0126e-03,7.6360e-03
pair,dQ3+dQ4,2.0769,2.6075,7.9740,15.0308,90,0,2.9064e-04,7.9182e-04,6.1856e-03,6.8756e-03
pair,xdQ3+xrQ2,3.9848,4.7362,7.9570,14.8500,90,1,3.5733e-04,8.6091e-04,5.0559e-03,8.4699e-03
pair,rQ3+xdQ4,2.2656,2.5740,7.9316,12.2203,90,1,2.7143e-04,6.8231e-04,7.2584e-03,8.9245e-03
single,xrQ1,1.0605,0.5618,7.7613,8.6389,60,1,3.8820e-04,5.6894e-04,7.2995e-03,1.0501e-02
pair,rQ2+xdQ1,2.4307,1.8531,7.6812,10.3387,90,1,3.0446e-04,6.3076e-04,7.5517e-03,9.2562e-03
pair,rQ3+xrQ3,2.2309,1.6072,7.6386,10.5703,90,1,2.5692e-04,7.5167e-04,6.6772e-03,9.5777e-03
pair,xdQ2+xdQ3,3.2244,3.6996,7.5745,13.2269,90,0,3.3641e-04,7.9619e-04,5.3871e-03,7.6416e-03
pair,dQ1+dQ3,2.6916,2.6664,7.4829,13.5696,90,0,3.6360e-04,9.2492e-04,5.6550e-03,7.4502e-03
pair,dQ3+xrQ2,3.2598,3.1266,7.3561,12.8396,90,1,3.6528e-04,7.8174e-04,5.9589e-03,7.7657e-03
pair,dQ4+xdQ2,3.1837,3.9880,7.3295,10.4552,90,0,2.8264e-04,8.6104e-04,5.5929e-03,9.2403e-03
pair,dQ2+xdQ3,3.2398,3.7110,7.1893,12.6106,90,0,3.6218e-04,8.8916e-04,4.7815e-03,7.8496e-03
pair,rQ1+rQ2,1.4536,0.5788,7.1290,8.5634,90,1,3.3354e-04,6.4647e-04,7.4479e-03,1.0526e-02
pair,dQ4+rQ3,1.9106,1.9841,6.9998,11.0763,90,1,2.8110e-04,7.3042e-04,7.1727e-03,9.0068e-03
pair,rQ2+xdQ4,2.4393,2.7055,6.7802,9.8893,90,1,3.0285e-04,7.0073e-04,7.9076e-03,8.8254e-03
pair,rQ1+rQ3,1.4401,0.6277,6.7440,8.4640,90,1,2.8839e-04,7.1575e-04,8.3888e-03,1.0672e-02
pair,dQ1+rQ3,1.5875,0.9869,6.7160,9.0366,90,1,3.2844e-04,7.9323e-04,6.9129e-03,1.0166e-02
pair,dQ2+xdQ2,2.4022,2.1266,6.2871,8.7313,90,0,2.7811e-04,9.8350e-04,5.7409e-03,1.0302e-02
pair,dQ1+rQ2,1.9445,0.9644,6.2299,8.0352,90,1,3.6425e-04,7.4575e-04,7.1765e-03,9.5221e-03
pair,rQ2+xrQ2,1.6345,0.9427,6.0811,7.5907,90,1,3.4640e-04,7.4653e-04,7.4593e-03,1.0179e-02
pair,rQ2+xdQ3,2.6541,3.3840,6.0786,10.4284,90,1,3.2317e-04,8.2090e-04,6.3862e-03,7.5839e-03
pair,dQ2+dQ3,2.3531,2.3078,6.0267,10.3241,90,0,3.8707e-04,8.9437e-04,5.4355e-03,7.6377e-03
pair,dQ4+rQ2,2.0710,2.0797,5.9619,8.9235,90,1,3.0749e-04,7.9683e-04,7.7299e-03,9.0369e-03
pair,dQ3+xdQ2,2.2149,2.2843,5.8472,10.0263,90,0,3.6228e-04,8.2864e-04,6.4973e-03,7.4717e-03
pair,dQ2+rQ2,1.5636,0.9068,5.7846,8.6368,90,1,3.2586e-04,8.0557e-04,6.5697e-03,8.9521e-03
pair,rQ3+xdQ3,2.7419,3.6352,5.6945,10.3094,90,1,3.7251e-04,8.5095e-04,5.9808e-03,8.2965e-03
pair,rQ3+xdQ2,1.7095,1.8932,5.6449,8.7915,90,1,3.3138e-04,7.8003e-04,7.0801e-03,9.5384e-03
pair,dQ3+rQ2,1.8844,1.8989,5.5623,9.7600,90,1,3.5304e-04,7.8060e-04,7.4064e-03,6.9072e-03
pair,rQ2+rQ3,1.1903,0.4996,5.3974,6.5584,90,1,3.3168e-04,7.0524e-04,8.6944e-03,1.0581e-02
pair,rQ2+xdQ2,2.0470,1.6526,5.3677,7.8324,90,1,3.3910e-04,7.8923e-04,7.6609e-03,8.8382e-03
pair,rQ3+xrQ2,1.3292,0.9737,5.3509,6.9247,90,1,3.4601e-04,7.9683e-04,7.9765e-03,1.0260e-02
pair,dQ2+rQ3,1.2322,1.0476,5.2202,8.0932,90,1,3.5736e-04,8.3348e-04,6.4389e-03,9.6970e-03
single,xdQ1,0.5565,0.3591,5.1344,6.3760,60,0,3.2822e-04,8.4267e-04,8.3153e-03,1.0240e-02
pair,dQ3+rQ3,1.9718,2.1280,5.0803,9.1708,90,1,3.8948e-04,8.2475e-04,7.0022e-03,7.8448e-03
pair,dQ3+xdQ3,2.1110,3.0672,5.0543,8.7577,90,0,3.6093e-04,1.0114e-03,6.3040e-03,7.7154e-03
single,xdQ4,0.8434,0.8624,5.0117,6.5733,60,0,3.1664e-04,8.4366e-04,8.5120e-03,9.8553e-03
single,xrQ3,0.4825,0.2368,4.3122,5.7387,60,1,3.6433e-04,9.1860e-04,7.2772e-03,1.0249e-02
single,dQ4,0.6716,0.6475,4.1008,5.5684,60,0,3.3096e-04,9.7648e-04,8.3660e-03,9.9537e-03
single,dQ1,0.4563,0.2063,3.9386,4.6676,60,0,4.1737e-04,1.0673e-03,7.6579e-03,1.1266e-02
single,rQ1,0.3045,0.0864,3.8483,4.3190,60,1,3.6602e-04,9.5281e-04,9.8662e-03,1.2288e-02
single,xrQ2,0.4402,0.2098,3.3670,3.8507,60,1,3.9736e-04,9.9922e-04,9.3425e-03,1.1624e-02
single,xdQ2,0.5278,0.3635,3.2984,4.1772,60,0,3.8867e-04,1.0568e-03,8.0718e-03,1.0831e-02
single,xdQ3,1.0369,1.0926,3.1620,4.8210,60,0,4.5997e-04,1.1947e-03,6.7400e-03,9.3451e-03
single,dQ2,0.3471,0.1562,3.0639,3.9680,60,0,4.2701e-04,1.0901e-03,6.9686e-03,1.0913e-02
single,dQ3,0.6588,0.5628,2.8062,4.5451,60,0,4.9012e-04,1.1898e-03,8.0347e-03,8.4942e-03
single,rQ2,0.2924,0.0780,2.7442,3.0926,60,1,4.1656e-04,1.0486e-03,9.8897e-03,1.1270e-02
single,rQ3,0.2107,0.0649,2.6878,3.2046,60,1,4.1723e-04,9.4924e-04,1.0247e-02,1.1734e-02
